Date,open,high,low,close,volume
2020-03-02,304.95,304.95,299.88,302.22,68548456
2020-03-03,302.54,307.66,298.02,301.89,66445983
2020-03-04,301.71,307.06,301.71,304.74,62552963
2020-03-05,305.94,316.15,305.94,311.54,34196420
2020-03-06,310.58,312.75,307.66,311.02,65559375
2020-03-09,310.53,314.53,305.51,310.13,62698641
2020-03-10,309.08,320.69,309.08,317.1,72123408
2020-03-11,317.64,322.01,317.64,321.0,54014125
2020-03-12,319.2,325.93,312.53,319.27,45912005
2020-03-13,318.41,325.31,313.56,321.74,58099839
2020-03-16,320.16,324.17,316.51,319.96,57654225
2020-03-17,319.41,322.17,311.62,317.96,60117652
2020-03-18,318.27,322.33,313.25,319.08,51358645
2020-03-19,318.8,318.8,308.55,310.94,63864256
2020-03-20,311.29,311.29,301.29,303.34,47277997
2020-03-23,303.26,304.34,295.45,300.76,34241452
2020-03-24,298.87,301.92,292.34,296.58,75738347
2020-03-25,296.81,300.29,294.25,297.81,62831972
2020-03-26,298.57,298.57,293.12,294.29,54531205
2020-03-27,295.37,295.37,283.28,288.55,81885263
2020-03-30,288.59,295.74,288.59,294.32,86055263
2020-03-31,293.71,294.79,292.43,293.83,72885727
2020-04-01,293.95,296.92,292.66,294.22,69304837
2020-04-02,294.62,294.62,285.44,288.63,69546578
2020-04-03,287.82,287.82,284.79,286.32,63381997
2020-04-06,286.87,290.18,280.54,286.78,47948180
2020-04-07,286.75,286.75,276.66,282.4,64496700
2020-04-08,284.1,289.02,280.98,283.79,75062668
2020-04-09,282.86,286.43,278.58,281.64,61937613
2020-04-10,283.02,283.02,278.09,280.53,28492338
2020-04-13,280.82,283.1,271.24,278.28,66913410
2020-04-14,279.48,290.08,279.48,285.54,73408553
2020-04-15,286.64,291.79,280.03,285.99,31499271
2020-04-16,285.77,285.77,279.02,281.98,49433142
2020-04-17,280.67,288.6,280.67,285.15,48539882
2020-04-20,284.89,284.89,278.27,280.66,67688931
2020-04-21,280.71,285.08,277.97,281.38,50220543
2020-04-22,282.33,282.33,272.84,274.01,56874565
2020-04-23,274.57,274.57,264.94,268.78,72635711
2020-04-24,269.24,272.2,265.76,269.38,25946997
2020-04-27,269.23,277.51,269.23,272.31,33325465
2020-04-28,272.76,275.71,270.69,273.24,41733764
2020-04-29,274.48,277.59,269.29,272.98,39000874
2020-04-30,273.61,273.84,269.92,271.96,61267276
2020-05-01,272.09,272.09,264.27,266.52,45469962
2020-05-04,265.77,268.59,257.43,263.73,58030259
2020-05-05,264.68,264.68,260.18,262.04,73662735
2020-05-06,262.34,267.48,262.34,265.95,52295252
2020-05-07,266.55,273.7,263.63,267.54,41056404
2020-05-08,266.98,266.98,256.29,261.29,36821448
2020-05-11,261.7,265.71,258.41,262.28,70718712
2020-05-12,261.7,262.32,259.93,261.06,59765829
2020-05-13,262.2,262.3,256.06,258.68,54392885
2020-05-14,257.37,264.22,255.03,260.89,49057618
2020-05-15,261.13,268.3,261.13,264.88,62109325
2020-05-18,264.46,270.06,264.46,268.66,79567857
2020-05-19,268.19,268.19,264.42,265.86,56276135
2020-05-20,265.7,266.54,263.63,264.71,54252974
2020-05-21,263.78,271.29,261.22,266.0,61310644
2020-05-22,265.02,275.75,264.37,269.82,70293834
2020-05-25,269.02,270.17,265.14,268.35,54615369
2020-05-26,268.86,269.21,265.79,267.71,43382707
2020-05-27,267.28,268.51,258.51,263.73,37505649
2020-05-28,262.62,266.22,254.18,259.33,78408568
2020-05-29,258.92,265.71,258.92,262.17,73526617
2020-06-01,262.45,272.51,262.45,267.42,48114063
2020-06-02,267.49,269.48,266.15,267.54,40465133
2020-06-03,268.11,274.08,268.11,271.42,58100571
2020-06-04,271.11,278.03,265.98,273.11,75970585
2020-06-05,273.49,273.49,269.42,270.9,74516655
2020-06-08,270.49,278.29,266.33,272.28,47441209
2020-06-09,272.09,280.63,272.09,278.34,90045587
2020-06-10,280.4,283.66,276.06,278.65,63924720
2020-06-11,278.4,286.9,278.4,284.9,39498043
2020-06-12,285.33,285.33,273.64,275.18,62812755
2020-06-15,275.22,281.93,275.22,279.4,34885099
2020-06-16,278.59,282.9,275.69,280.01,28681902
2020-06-17,280.36,283.31,276.34,279.01,77402838
2020-06-18,278.54,281.18,277.34,279.45,31557023
2020-06-19,279.11,279.11,269.17,272.01,35702837
2020-06-22,270.76,275.65,266.78,270.95,58396333
2020-06-23,271.69,275.47,270.16,272.37,72955779
2020-06-24,273.36,280.44,273.36,278.21,74768965
2020-06-25,277.95,279.07,272.6,276.64,51837243
2020-06-26,276.73,276.73,272.03,273.61,39697547
2020-06-29,272.69,272.69,269.91,271.7,69650486
2020-06-30,270.1,280.28,270.1,275.2,75829179
2020-07-01,276.9,278.37,275.66,276.77,43572909
2020-07-02,276.04,279.08,271.21,274.95,68479788
2020-07-03,273.07,283.86,270.79,276.95,43730398
2020-07-06,276.88,281.39,274.41,277.56,58102224
2020-07-07,278.33,286.9,276.98,281.48,63499548
2020-07-08,281.55,281.55,278.05,279.08,64058557
2020-07-09,280.52,280.52,276.16,277.83,29889239
2020-07-10,277.16,277.23,274.26,276.39,41890817
2020-07-13,277.47,277.47,267.92,270.9,41134121
2020-07-14,270.26,273.08,269.7,271.87,26978896
2020-07-15,272.59,275.22,271.79,273.04,66172798
2020-07-16,273.27,276.58,270.51,273.24,64216497
2020-07-17,272.48,276.41,270.28,272.5,75433953
2020-07-20,273.69,273.69,261.05,267.29,74432492
2020-07-21,268.73,270.6,262.72,265.61,44561126
2020-07-22,264.23,268.0,260.15,264.39,58200755
2020-07-23,262.84,265.21,258.38,261.54,38664900
2020-07-24,261.78,266.13,257.24,260.93,68875964
2020-07-27,261.14,266.16,256.66,262.49,50889708
2020-07-28,261.67,275.16,261.67,269.65,66314432
2020-07-29,270.06,278.0,267.79,270.8,34650589
2020-07-30,270.82,274.04,269.73,271.96,69889219
2020-07-31,270.74,276.18,267.37,271.86,50590786
2020-08-03,272.13,272.13,262.11,264.85,79534276
2020-08-04,265.57,266.26,263.54,264.53,37781162
2020-08-05,265.55,270.69,262.31,264.86,35642158
2020-08-06,264.52,278.41,264.52,274.21,46330232
2020-08-07,273.02,277.36,271.24,274.02,32666263
2020-08-10,273.11,278.6,271.72,275.3,45426676
2020-08-11,273.9,279.02,271.24,275.36,45734561
2020-08-12,276.56,276.56,266.64,271.07,49494046
2020-08-13,272.87,278.12,270.49,275.31,32628424
2020-08-14,275.07,282.37,274.72,278.54,61615132
2020-08-17,278.53,287.11,278.53,281.91,32321765
2020-08-18,283.02,283.02,276.83,278.68,67343675
2020-08-19,278.32,288.77,278.32,284.12,55733314
2020-08-20,283.36,283.36,277.32,279.06,72894608
2020-08-21,280.62,288.75,275.11,281.22,69238790
2020-08-24,280.31,291.78,280.31,290.14,57987640
2020-08-25,288.91,289.06,282.47,285.09,30923432
2020-08-26,284.09,284.58,281.76,282.83,54954099
2020-08-27,283.71,286.75,281.29,283.25,68075890
2020-08-28,283.08,284.0,279.49,281.43,52307880
2020-08-31,279.01,279.01,273.37,275.49,74591437
2020-09-01,275.36,278.59,270.81,275.59,31881945
2020-09-02,274.78,276.53,265.71,271.7,42662937
2020-09-03,270.97,277.19,269.55,273.42,66954753
2020-09-04,272.99,273.92,268.36,270.17,31494350
2020-09-07,270.16,279.32,270.16,276.01,55284730
2020-09-08,276.21,277.01,271.97,273.45,57943884
2020-09-09,273.52,275.19,267.62,272.23,39700266
2020-09-10,271.32,281.43,271.32,275.39,59406993
2020-09-11,275.86,275.86,267.65,271.02,49273745
2020-09-14,271.53,272.91,270.54,271.78,54561819
2020-09-15,271.41,279.11,271.41,276.92,72594142
2020-09-16,276.85,276.85,269.68,271.2,59507554
2020-09-17,270.53,274.37,269.29,271.75,59615308
2020-09-18,271.17,275.71,269.39,272.88,52739953
2020-09-21,272.94,280.4,272.94,276.04,71722941
2020-09-22,277.0,277.0,270.24,271.64,59170420
2020-09-23,271.01,271.01,263.96,266.63,81294580
2020-09-24,266.58,270.48,265.37,268.44,75237008
2020-09-25,267.85,273.1,267.62,269.77,60691001
2020-09-28,268.29,274.91,265.27,270.9,67353992
2020-09-29,271.06,276.36,267.9,272.39,47256718
2020-09-30,273.19,275.04,266.69,270.04,44380258
2020-10-01,270.57,277.27,267.22,270.92,76595132
2020-10-02,271.16,273.48,270.94,272.2,34137938
2020-10-05,272.82,272.97,267.87,269.71,75472155
2020-10-06,269.92,281.32,269.92,276.78,73505356
2020-10-07,276.74,281.78,273.9,279.09,50240537
2020-10-08,280.59,280.59,272.8,274.77,80368659
2020-10-09,274.95,279.07,274.95,277.2,73880976
2020-10-12,276.95,278.43,268.33,273.73,74402812
2020-10-13,272.12,279.39,272.12,276.69,73554832
2020-10-14,276.22,283.31,276.22,281.45,49634481
2020-10-15,281.1,282.43,275.12,278.64,61675658
2020-10-16,278.67,285.94,278.67,282.38,35485768
2020-10-19,282.49,287.77,279.52,284.32,30436796
2020-10-20,283.89,290.48,283.89,287.81,64122547
2020-10-21,288.48,300.2,288.48,295.8,45386136
2020-10-22,296.44,296.53,293.69,295.34,59155530
2020-10-23,295.93,295.93,289.6,292.39,58349369
2020-10-26,292.51,292.51,287.11,288.8,49458125
2020-10-27,289.75,289.75,280.49,285.51,30203664
2020-10-28,285.14,291.24,281.67,285.18,71360081
2020-10-29,285.82,292.36,284.14,286.65,76904238
2020-10-30,287.22,291.56,282.28,287.96,32028171
2020-11-02,287.63,295.98,287.63,291.49,41608475
2020-11-03,290.09,293.16,290.09,291.86,40501821
2020-11-04,292.54,300.67,291.67,297.96,81597981
2020-11-05,298.62,301.93,291.54,297.31,27310270
2020-11-06,296.73,314.7,296.73,308.85,70513623
2020-11-09,309.1,316.2,309.1,314.01,77481243
2020-11-10,314.61,316.4,305.12,310.62,51569113
2020-11-11,311.45,311.45,302.55,306.03,54200721
2020-11-12,306.24,312.62,303.52,308.0,63990492
2020-11-13,307.76,309.75,305.73,307.29,58936184
2020-11-16,305.07,316.73,303.44,310.46,55473593
2020-11-17,310.05,315.45,309.45,312.81,29341569
2020-11-18,310.74,314.38,309.87,312.76,41632091
2020-11-19,311.92,311.92,305.32,309.26,56555521
2020-11-20,308.64,308.64,301.8,302.81,32493371
2020-11-23,303.25,303.25,298.46,300.76,42358803
2020-11-24,303.22,309.43,300.93,304.4,62559334
2020-11-25,304.38,307.23,303.76,305.63,62543649
2020-11-26,306.62,306.62,296.03,300.6,52147499
2020-11-27,301.3,304.17,296.82,301.22,41297010
2020-11-30,302.6,310.13,296.5,303.01,26562520
2020-12-01,303.14,303.14,296.31,299.55,66138739
2020-12-02,299.0,301.8,298.4,300.16,44335943
2020-12-03,300.62,302.3,298.29,300.57,59237591
2020-12-04,300.42,300.42,291.36,296.01,29407701
2020-12-07,296.35,303.06,292.86,297.4,32476901
2020-12-08,297.97,303.17,294.43,299.93,34829976
2020-12-09,302.34,306.04,302.34,304.74,31512381
2020-12-10,304.3,311.65,304.3,309.62,71215860
2020-12-11,311.33,311.33,299.11,304.15,45678756
2020-12-14,303.47,303.49,297.54,300.1,73625941
2020-12-15,298.46,308.84,295.27,302.19,57866957
2020-12-16,301.56,307.89,301.01,304.6,64140453
2020-12-17,303.72,309.18,303.72,307.05,28377139
2020-12-18,306.65,329.27,306.65,324.17,44099166
2020-12-21,322.59,332.48,322.59,329.61,41871901
2020-12-22,330.87,341.31,327.7,335.19,37398277
2020-12-23,335.09,342.35,335.09,340.1,30867182
2020-12-24,340.52,345.09,340.52,343.59,28844659
2020-12-25,343.49,347.58,338.11,342.43,71767633
2020-12-28,342.67,352.16,339.5,346.16,43687689
2020-12-29,346.71,348.58,337.09,342.82,35877529
2020-12-30,340.72,346.17,336.36,341.7,68876653
2020-12-31,340.41,342.56,336.61,339.51,78024284
2021-01-01,338.63,343.66,335.32,339.95,32372154
2021-01-04,340.25,355.53,340.25,351.22,70909797
2021-01-05,352.17,352.17,334.74,338.92,36590486
2021-01-06,339.19,347.51,339.19,343.42,77538534
2021-01-07,345.24,345.24,334.73,336.14,78580611
2021-01-08,336.01,337.56,329.77,333.75,79333437
2021-01-11,332.58,344.08,332.58,338.86,50423744
2021-01-12,339.1,341.73,335.95,339.59,50671894
2021-01-13,337.12,340.53,328.51,334.75,51892747
2021-01-14,335.92,338.22,325.46,331.36,76727692
2021-01-15,331.16,336.89,331.16,334.49,55263986
2021-01-18,336.45,337.74,328.88,331.43,66745371
2021-01-19,331.19,335.69,328.44,332.43,44231236
2021-01-20,331.9,337.2,328.84,332.85,26039426
2021-01-21,333.71,336.65,323.86,330.04,34871802
2021-01-22,330.62,346.61,330.62,340.01,72252807
2021-01-25,340.47,347.49,340.47,345.54,52693997
2021-01-26,345.65,345.65,333.28,336.31,91965948
2021-01-27,336.17,339.5,335.01,336.89,40660951
2021-01-28,336.71,336.71,331.66,334.0,31111413
2021-01-29,334.08,340.84,334.08,337.99,43681312
2021-02-01,337.71,342.25,329.66,334.65,53662120
2021-02-02,335.29,337.04,330.39,334.11,56062754
2021-02-03,334.12,340.3,334.12,336.59,50977316
2021-02-04,337.6,345.92,337.6,340.94,66725710
2021-02-05,341.18,341.18,332.23,335.7,58923047
2021-02-08,337.08,337.08,332.32,334.04,52294300
2021-02-09,333.41,333.84,328.73,331.93,41273864
2021-02-10,331.95,331.95,322.57,328.99,27431920
2021-02-11,328.72,340.46,328.72,337.15,47956327
2021-02-12,336.36,344.39,332.37,339.62,74683422
2021-02-15,339.55,339.55,330.8,334.02,51764277
2021-02-16,336.01,343.71,335.61,338.18,37471073
2021-02-17,337.11,354.67,337.11,348.65,39501501
2021-02-18,349.76,363.75,349.76,357.28,53523124
2021-02-19,355.73,356.81,344.17,350.29,52020268
2021-02-22,350.07,350.07,343.49,347.77,49135132
2021-02-23,347.38,361.72,347.38,353.97,81203442
2021-02-24,356.2,356.2,348.06,350.99,43124247
2021-02-25,352.12,355.76,350.42,353.18,47533497
2021-02-26,351.73,361.16,350.02,357.27,43906682
2021-03-01,355.4,355.4,350.83,353.08,74649182
2021-03-02,353.21,354.2,351.36,352.75,26210060
2021-03-03,353.57,353.57,335.31,337.4,79118047
2021-03-04,334.96,334.96,327.3,329.43,63137975
2021-03-05,329.55,332.11,322.24,328.17,76620855
2021-03-08,329.69,329.69,320.12,322.64,76473517
2021-03-09,323.59,331.5,323.59,329.9,62222281
2021-03-10,329.17,329.17,322.24,323.94,47280712
2021-03-11,324.59,328.27,315.9,321.83,51029471
2021-03-12,322.48,325.19,320.45,322.46,37125946
2021-03-15,321.79,331.77,321.79,329.15,87867136
2021-03-16,329.11,330.64,314.55,323.15,61831038
2021-03-17,322.51,332.03,322.51,328.26,37062871
2021-03-18,327.67,334.35,323.92,328.72,32801599
2021-03-19,327.57,330.45,319.66,324.46,47777088
2021-03-22,325.29,331.25,320.76,326.48,73835633
2021-03-23,325.41,330.58,324.32,327.64,75481823
2021-03-24,327.49,328.19,321.15,325.14,63501746
2021-03-25,327.27,327.27,323.18,325.49,47135342
2021-03-26,323.64,325.06,322.37,323.92,37165126
2021-03-29,324.36,326.7,322.11,324.51,37769921
2021-03-30,324.87,332.12,319.06,327.69,82022903
2021-03-31,327.27,342.51,327.27,335.29,67223083
2021-04-01,333.66,333.66,327.52,330.13,39864464
2021-04-02,330.16,347.46,330.16,339.93,95478925
2021-04-05,340.51,340.51,322.35,327.36,83864589
2021-04-06,327.59,328.92,322.92,325.95,66330979
2021-04-07,324.77,330.89,324.77,328.73,46487563
2021-04-08,328.04,334.82,323.58,330.3,70633792
2021-04-09,329.23,330.86,323.04,327.7,28552381
2021-04-12,326.95,331.11,324.32,326.78,72966596
2021-04-13,325.24,328.31,316.98,324.67,46417715
2021-04-14,324.77,326.13,317.53,322.08,46291594
2021-04-15,322.65,329.97,320.36,325.91,48015891
2021-04-16,324.42,331.43,324.42,327.88,28567720
2021-04-19,327.91,327.91,322.86,325.0,42576942
2021-04-20,325.54,335.63,323.35,329.09,70807537
2021-04-21,331.69,333.32,327.0,330.86,76199380
2021-04-22,330.5,340.33,327.44,334.86,39465399
2021-04-23,331.37,341.34,331.37,338.15,74392849
2021-04-26,338.16,338.16,333.09,334.61,50255236
2021-04-27,335.32,339.14,327.38,332.01,64343958
2021-04-28,332.12,341.56,331.86,335.49,43208925
2021-04-29,336.55,340.79,336.28,338.68,69261620
2021-04-30,337.94,340.28,337.38,338.91,40462178
2021-05-03,337.87,341.08,336.42,339.63,74908253
2021-05-04,339.37,348.97,339.37,345.9,47489235
2021-05-05,347.08,347.34,339.47,343.55,36400821
2021-05-06,345.05,350.9,341.83,346.21,62530985
2021-05-07,344.42,347.54,343.25,345.54,34013381
2021-05-10,343.89,350.56,336.86,344.63,62322784
2021-05-11,345.45,353.55,344.49,350.04,58299712
2021-05-12,351.18,359.4,349.97,354.51,54189810
2021-05-13,355.57,366.57,351.09,358.93,76516866
2021-05-14,357.53,369.85,357.53,365.89,88111010
2021-05-17,364.55,373.94,358.95,366.52,54020559
2021-05-18,367.02,377.02,364.11,370.21,67902750
2021-05-19,369.62,371.1,364.1,368.98,26420627
2021-05-20,369.84,378.61,365.56,370.75,69019202
2021-05-21,369.64,376.95,367.61,370.35,50786034
2021-05-24,370.62,378.44,367.05,371.01,45619369
2021-05-25,372.55,377.46,372.55,374.29,44057559
2021-05-26,373.56,374.72,366.68,370.41,62105790
2021-05-27,371.27,387.69,371.27,381.29,33022029
2021-05-28,380.14,380.14,368.84,374.48,50336232
2021-05-31,373.24,373.24,362.11,368.18,52893050
2021-06-01,370.18,376.55,370.18,374.0,48148643
2021-06-02,373.26,380.36,373.26,378.6,64069298
2021-06-03,380.33,388.46,378.32,382.31,32996505
2021-06-04,381.74,388.65,381.74,386.02,81176836
2021-06-07,387.77,388.45,384.85,386.33,60703533
2021-06-08,385.62,385.62,378.06,381.75,42768550
2021-06-09,382.84,384.91,379.86,382.11,74110315
2021-06-10,380.64,381.85,375.63,378.74,79002307
2021-06-11,380.44,386.03,380.21,383.9,43568094
2021-06-14,385.34,386.09,382.19,383.56,59321402
2021-06-15,384.31,385.58,374.67,379.36,75824010
2021-06-16,377.61,382.12,372.87,377.65,75507851
2021-06-17,379.54,387.77,375.66,379.91,62529686
2021-06-18,380.74,380.74,373.0,377.25,40305118
2021-06-21,376.81,378.87,369.26,373.02,65230189
2021-06-22,373.49,378.76,370.33,374.25,48214812
2021-06-23,372.45,378.42,372.45,375.76,48605605
2021-06-24,375.27,376.51,367.27,373.38,59197950
2021-06-25,373.78,374.95,364.87,371.01,27323343
2021-06-28,371.64,374.5,369.88,372.27,38638988
2021-06-29,374.07,374.07,362.75,365.11,34701489
2021-06-30,366.2,366.55,349.41,357.88,79379430
2021-07-01,359.4,360.87,349.44,354.15,68382891
2021-07-02,354.87,355.69,349.3,353.08,73173697
2021-07-05,353.94,359.52,351.06,354.72,61026236
2021-07-06,354.43,367.89,354.43,362.31,45334998
2021-07-07,362.9,372.3,362.02,367.2,31984787
2021-07-08,367.4,371.76,361.01,366.81,26374720
2021-07-09,367.68,370.13,364.93,366.87,30317845
2021-07-12,366.85,367.21,355.47,361.98,43109064
2021-07-13,362.57,363.51,360.32,361.82,69396003
2021-07-14,360.69,367.48,356.7,360.54,40858911
2021-07-15,358.22,364.78,358.22,362.26,44726304
2021-07-16,362.84,365.95,353.45,358.39,78288243
2021-07-19,359.15,366.59,355.14,360.95,73726801
2021-07-20,360.96,370.98,360.96,369.01,61228579
2021-07-21,369.2,372.6,365.92,369.04,62463142
2021-07-22,369.22,375.74,368.47,371.28,62230802
2021-07-23,371.4,378.25,371.4,375.14,36488390
2021-07-26,377.1,377.1,371.96,373.43,72718830
2021-07-27,373.55,377.28,372.76,374.68,57245040
2021-07-28,372.96,376.79,372.27,374.99,37010596
2021-07-29,372.64,379.77,372.51,375.69,47316138
2021-07-30,377.28,377.35,366.43,371.9,36991251
2021-08-02,372.51,376.06,366.13,372.01,30864721
2021-08-03,374.49,378.05,370.5,374.77,34518438
2021-08-04,374.62,386.83,374.62,382.71,60950443
2021-08-05,382.91,390.74,382.91,388.42,32668434
2021-08-06,387.14,405.51,387.14,400.68,33418248
2021-08-09,401.69,401.72,387.72,395.54,74597701
2021-08-10,395.26,407.05,394.62,400.37,38318946
2021-08-11,402.09,411.08,395.16,401.82,29828105
2021-08-12,401.49,419.85,401.49,414.47,68238050
2021-08-13,415.64,415.64,400.1,408.81,32656054
2021-08-16,407.49,409.23,400.3,404.09,47467566
2021-08-17,403.26,403.26,397.19,400.7,52267326
2021-08-18,400.45,400.45,382.09,389.1,32688430
2021-08-19,391.56,392.14,377.74,384.3,31840491
2021-08-20,385.17,386.76,372.76,380.3,56223746
2021-08-23,381.01,383.93,378.33,381.08,63378226
2021-08-24,381.49,385.02,379.51,383.11,66280399
2021-08-25,383.36,399.44,383.36,393.49,68365705
2021-08-26,392.32,403.22,392.32,399.43,40374343
2021-08-27,400.55,400.55,394.07,396.74,49373020
2021-08-30,397.0,398.93,386.86,391.88,49574955
2021-08-31,391.32,402.01,386.19,394.51,41174788
2021-09-01,392.83,392.83,379.7,387.67,45203676
2021-09-02,388.96,400.86,388.96,397.48,68447413
2021-09-03,398.33,408.59,398.33,404.72,40599990
2021-09-06,405.64,405.64,400.63,402.66,49005250
2021-09-07,402.26,402.26,392.19,393.29,65302065
2021-09-08,393.87,402.76,393.87,400.46,82521274
2021-09-09,399.9,406.3,390.77,400.38,53947114
2021-09-10,401.15,408.89,401.15,407.5,48614782
2021-09-13,407.38,407.38,390.93,399.13,38037807
2021-09-14,398.53,398.53,393.25,395.61,58036128
2021-09-15,397.19,399.73,392.94,395.65,26975328
2021-09-16,396.4,403.49,389.05,396.1,56867546
2021-09-17,398.2,401.17,386.56,393.85,46997832
2021-09-20,393.27,400.71,393.03,397.34,77761520
2021-09-21,398.67,398.67,389.12,391.86,69186888
2021-09-22,392.51,394.07,386.05,391.0,60026251
2021-09-23,391.0,396.81,383.86,391.8,60755199
2021-09-24,390.3,401.44,390.2,394.83,35339129
2021-09-27,394.36,405.11,394.36,399.09,64649335
2021-09-28,401.27,401.27,389.59,393.31,73275760
2021-09-29,392.15,392.15,378.17,384.94,54795653
2021-09-30,388.48,394.37,388.48,391.58,83222856
2021-10-01,390.63,399.49,389.45,393.92,58628024
2021-10-04,393.74,399.35,382.35,390.15,38975507
2021-10-05,389.1,407.9,389.1,398.63,79130928
2021-10-06,399.82,404.29,389.43,399.89,57901885
2021-10-07,399.67,414.16,396.64,406.73,33164063
2021-10-08,406.14,417.57,397.49,407.66,73523722
2021-10-11,406.85,421.84,406.85,419.71,62579376
2021-10-12,418.82,438.91,418.82,436.58,45112042
2021-10-13,434.35,445.63,423.79,435.49,66532116
2021-10-14,434.89,444.9,434.89,441.57,35846945
2021-10-15,441.07,449.23,441.07,446.05,46393156
2021-10-18,446.49,460.43,446.49,455.04,59047320
2021-10-19,455.36,455.36,444.56,449.66,56257675
2021-10-20,448.23,457.2,448.23,453.9,54029115
2021-10-21,452.29,463.54,452.29,461.04,70813942
2021-10-22,457.83,457.83,443.22,450.51,83855135
2021-10-25,448.91,448.91,437.63,442.88,57918088
2021-10-26,442.22,442.22,423.84,430.38,86074187
2021-10-27,429.7,432.9,423.54,427.36,67562416
2021-10-28,424.84,433.7,424.84,431.73,37214834
2021-10-29,430.13,447.32,430.13,441.25,64110394
2021-11-01,442.12,447.44,439.44,442.4,54932454
2021-11-02,442.99,455.36,442.99,452.77,48390294
2021-11-03,452.19,456.46,436.31,444.92,37773551
2021-11-04,445.08,445.08,430.56,434.37,83400883
2021-11-05,433.27,438.68,425.58,433.72,36563386
2021-11-08,434.11,440.68,433.63,436.21,59592942
2021-11-09,436.7,440.98,429.82,436.34,42692606
2021-11-10,435.48,435.48,420.83,424.23,90252767
2021-11-11,423.3,427.5,416.91,422.85,33788282
2021-11-12,424.34,424.34,410.17,415.43,39474675
2021-11-15,414.97,420.62,414.97,419.13,55011700
2021-11-16,418.31,429.49,415.89,421.65,28350402
2021-11-17,421.65,421.65,409.66,416.52,37080411
2021-11-18,416.83,416.83,412.01,413.51,41886839
2021-11-19,412.4,412.4,403.91,407.53,51101804
2021-11-22,408.45,411.25,399.17,407.07,53886321
2021-11-23,405.7,419.41,405.7,412.67,29502874
2021-11-24,411.8,414.49,399.04,407.54,29818827
2021-11-25,406.07,419.17,399.65,410.34,40891488
2021-11-26,410.75,414.05,403.08,407.67,41411913
2021-11-29,408.32,408.32,401.35,403.27,67392594
2021-11-30,401.95,409.31,393.98,402.65,29395369
2021-12-01,401.1,401.1,393.33,397.07,76036141
2021-12-02,395.77,399.1,387.58,393.95,79198379
2021-12-03,394.3,394.3,384.2,387.49,56567921
2021-12-06,388.5,405.01,388.5,398.05,83575526
2021-12-07,398.25,402.69,395.53,398.97,36444825
2021-12-08,398.65,400.53,390.22,395.35,64975460
2021-12-09,396.05,398.94,394.15,396.54,43362812
2021-12-10,396.81,401.73,393.37,396.17,39764138
2021-12-13,398.21,398.91,390.09,395.13,47921471
2021-12-14,394.8,400.42,394.8,398.64,67109794
2021-12-15,399.5,411.18,395.83,403.22,59419014
2021-12-16,403.78,408.41,395.53,400.68,32128272
2021-12-17,401.29,402.55,394.19,397.56,79816804
2021-12-20,398.06,398.06,392.82,396.08,31287321
2021-12-21,398.55,398.55,381.58,383.76,94649639
2021-12-22,383.68,383.68,366.44,371.24,56425453
2021-12-23,371.74,382.75,371.74,381.58,61054183
2021-12-24,379.44,394.28,379.44,390.93,82185318
2021-12-27,392.14,396.58,384.64,390.24,43889489
2021-12-28,390.16,398.95,388.78,393.52,53220871
2021-12-29,392.51,400.56,389.62,395.58,68827783
2021-12-30,396.07,419.27,396.07,413.12,44358582
2021-12-31,412.89,433.58,412.89,424.53,33888702
2022-01-03,424.73,428.82,421.0,424.37,53315751
2022-01-04,424.44,424.44,413.16,418.98,34758235
2022-01-05,418.71,418.71,403.34,409.69,64314442
2022-01-06,408.92,416.14,405.09,410.58,56800452
2022-01-07,409.26,409.68,403.94,406.53,64609773
2022-01-10,404.35,404.35,393.48,398.59,40814435
2022-01-11,397.16,398.28,393.28,394.83,75498280
2022-01-12,394.48,394.48,384.02,388.96,70801969
2022-01-13,390.56,403.59,388.04,398.05,55596437
2022-01-14,399.76,410.07,396.31,403.61,52852462
2022-01-17,403.79,412.02,399.85,404.03,67944757
2022-01-18,405.55,416.59,405.55,412.62,45460462
2022-01-19,413.45,420.6,406.6,413.7,42333488
2022-01-20,411.51,411.51,407.91,409.04,82292669
2022-01-21,410.65,424.81,408.27,417.73,78990398
2022-01-24,416.25,428.58,411.72,421.5,41741450
2022-01-25,423.12,423.12,407.18,415.87,35191145
2022-01-26,417.23,420.09,406.24,414.69,37157872
2022-01-27,414.28,414.28,406.43,409.83,51324496
2022-01-28,409.41,410.57,398.09,402.0,53263660
2022-01-31,400.63,408.34,400.63,407.0,41221173
2022-02-01,407.42,420.96,407.42,418.37,40528215
2022-02-02,417.62,417.62,406.63,411.1,31696917
2022-02-03,410.97,418.98,410.97,414.15,58171624
2022-02-04,414.27,414.27,409.24,410.78,48551610
2022-02-07,410.16,416.05,401.92,408.05,64513447
2022-02-08,407.28,409.44,401.74,404.77,50041933
2022-02-09,404.85,408.55,394.96,399.98,40624481
2022-02-10,397.6,409.41,396.02,400.2,68913820
2022-02-11,399.47,399.47,393.07,395.82,30600120
2022-02-14,396.62,401.68,393.32,397.28,34283223
2022-02-15,394.46,403.81,390.93,397.26,32706881
2022-02-16,399.28,399.28,393.85,396.14,28623710
2022-02-17,395.11,395.11,389.05,391.32,38916741
2022-02-18,390.95,392.37,380.84,388.15,39466847
2022-02-21,388.86,395.41,387.49,392.26,73290577
2022-02-22,392.83,402.76,390.23,395.39,46442034
2022-02-23,394.56,394.85,386.93,390.41,84087724
2022-02-24,391.12,394.68,387.12,390.88,54547328
2022-02-25,392.19,400.7,388.57,395.19,62098377
2022-02-28,396.55,396.55,383.11,386.55,42832542
2022-03-01,386.79,397.56,380.02,389.22,56453842
2022-03-02,389.99,389.99,378.03,385.98,40799670
2022-03-03,385.14,393.36,384.64,389.07,79848928
2022-03-04,390.12,392.61,380.65,385.31,60509601
2022-03-07,387.26,387.26,370.68,375.79,48503815
2022-03-08,376.49,376.49,360.3,367.12,76901419
2022-03-09,365.67,368.8,365.25,367.12,55313088
2022-03-10,366.8,372.29,361.01,368.61,74353856
2022-03-11,366.27,367.56,362.37,364.27,32526705
2022-03-14,365.85,369.19,364.08,367.47,36678413
2022-03-15,365.04,365.04,354.93,359.43,33606695
2022-03-16,358.6,365.64,352.18,358.87,29949602
2022-03-17,358.87,358.87,346.55,353.04,52756398
2022-03-18,355.05,355.05,347.89,349.75,76578076
2022-03-21,350.01,356.54,343.4,349.98,72776455
2022-03-22,350.67,350.67,343.6,346.01,63156128
2022-03-23,344.83,346.68,338.64,344.14,43409930
2022-03-24,343.36,354.28,343.36,349.04,51483608
2022-03-25,349.34,353.29,343.22,346.67,26704449
2022-03-28,346.7,355.32,346.68,350.76,75473410
2022-03-29,350.44,352.5,339.15,345.67,33522038
2022-03-30,344.23,352.03,343.34,348.13,31857081
2022-03-31,347.51,357.5,347.51,355.45,89841720
2022-04-01,354.85,354.85,338.94,344.01,53476073
2022-04-04,345.06,345.06,333.68,337.77,48224223
2022-04-05,339.53,342.86,338.99,340.43,64751036
2022-04-06,341.15,346.86,334.47,339.77,62708620
2022-04-07,339.3,344.97,339.01,341.65,58939939
2022-04-08,339.87,343.24,335.25,339.06,78748487
2022-04-11,338.19,341.5,337.3,339.5,28212105
2022-04-12,339.59,341.13,336.85,338.95,37280095
2022-04-13,340.95,350.79,340.95,344.62,43851999
2022-04-14,344.6,349.71,342.06,346.29,68660407
2022-04-15,345.75,353.66,344.17,348.16,36358419
2022-04-18,350.42,351.83,341.96,346.44,74068537
2022-04-19,347.24,347.24,343.21,344.18,44281768
2022-04-20,345.22,346.65,336.09,342.18,50497774
2022-04-21,342.4,349.17,341.31,344.11,77617317
2022-04-22,343.1,344.44,339.45,342.37,52849425
2022-04-25,340.25,346.5,340.25,343.83,46943941
2022-04-26,343.12,357.02,343.12,354.1,57429039
2022-04-27,354.28,366.49,354.28,361.63,88024548
2022-04-28,362.18,362.77,357.81,360.42,55893874
2022-04-29,359.21,369.83,359.21,366.59,72183483
2022-05-02,366.2,366.64,362.13,365.0,57133416
2022-05-03,365.2,365.2,349.64,354.93,37069920
2022-05-04,356.41,356.41,343.06,347.09,48711575
2022-05-05,346.3,346.3,336.04,338.11,90833353
2022-05-06,338.29,341.85,329.37,336.19,30664346
2022-05-09,335.48,340.66,331.33,336.34,72365462
2022-05-10,337.25,347.3,337.25,344.42,41892690
2022-05-11,347.14,349.61,341.77,346.56,76243647
2022-05-12,347.11,350.67,339.41,345.78,74158910
2022-05-13,345.17,352.28,345.17,349.9,35357221
2022-05-16,350.79,350.79,336.39,339.71,35928728
2022-05-17,339.41,347.05,336.81,340.86,28348755
2022-05-18,339.38,352.14,338.55,344.73,47463452
2022-05-19,346.01,346.01,330.95,338.09,65612478
2022-05-20,338.67,348.45,338.67,343.32,63738556
2022-05-23,344.76,348.31,342.54,345.36,54207031
2022-05-24,345.93,346.72,341.99,343.64,49437984
2022-05-25,343.09,348.44,343.09,346.75,48928217
2022-05-26,346.61,362.4,346.61,358.17,88648067
2022-05-27,358.31,363.03,358.31,360.65,56991767
2022-05-30,359.86,368.8,353.2,362.15,28572467
2022-05-31,364.44,364.44,358.6,360.1,28829429
2022-06-01,360.74,364.56,350.6,355.95,32202930
2022-06-02,354.2,361.68,354.2,360.04,47800218
2022-06-03,360.17,364.1,346.59,356.16,35603352
2022-06-06,354.97,360.26,354.28,356.49,49940960
2022-06-07,358.38,358.38,351.14,354.33,35918253
2022-06-08,353.36,359.71,353.36,356.75,47698240
2022-06-09,357.96,360.49,356.68,358.69,68405447
2022-06-10,357.72,369.65,357.72,364.16,73821034
2022-06-13,362.73,367.34,352.75,362.04,70413637
2022-06-14,361.39,363.29,358.19,360.76,63731823
2022-06-15,361.93,361.93,351.07,356.0,73858798
2022-06-16,355.73,357.41,346.58,353.75,55755771
2022-06-17,352.61,359.42,350.3,355.66,33472097
2022-06-20,357.12,364.38,356.22,359.68,54717355
2022-06-21,358.42,358.77,351.39,355.48,60094478
2022-06-22,353.99,362.13,353.99,359.75,69530362
2022-06-23,360.12,368.49,360.12,366.97,63759421
2022-06-24,367.69,373.22,366.37,369.62,59501168
2022-06-27,370.54,382.62,370.54,379.68,58292082
2022-06-28,379.68,381.38,372.27,376.31,42779383
2022-06-29,376.05,376.05,363.79,369.89,84483625
2022-06-30,370.84,370.84,359.16,360.74,56726438
2022-07-01,363.03,374.09,363.03,368.01,31342803
2022-07-04,369.39,378.76,363.25,371.91,51384314
2022-07-05,372.35,379.95,365.84,372.0,34118567
2022-07-06,372.58,375.9,371.21,373.63,56775668
2022-07-07,371.57,372.47,365.65,368.1,33769383
2022-07-08,367.31,383.38,367.31,380.69,87649688
2022-07-11,378.9,384.95,378.9,382.95,68778426
2022-07-12,382.83,387.74,378.99,383.79,54395086
2022-07-13,384.94,394.32,380.2,387.9,82814126
2022-07-14,387.58,395.64,382.95,390.89,38797887
2022-07-15,391.42,395.8,389.91,392.44,61072510
2022-07-18,391.49,392.24,384.61,388.42,39132542
2022-07-19,386.45,399.32,380.65,390.96,42778712
2022-07-20,390.85,409.59,390.85,401.61,40013780
2022-07-21,402.11,417.03,402.11,409.91,42573808
2022-07-22,411.5,423.83,411.5,419.69,45243793
2022-07-25,420.65,420.86,414.26,417.42,67653528
2022-07-26,415.53,418.32,402.76,411.82,31920768
2022-07-27,410.39,414.1,407.34,411.02,41640606
2022-07-28,410.32,420.55,405.95,411.49,60201374
2022-07-29,412.01,426.99,411.48,418.0,57882426
2022-08-01,419.24,419.24,405.09,408.83,83178744
2022-08-02,408.08,421.11,408.08,417.32,70066626
2022-08-03,418.34,425.37,407.92,417.04,31800821
2022-08-04,416.51,422.28,407.6,414.76,39674857
2022-08-05,414.51,414.51,404.84,409.07,76779841
2022-08-08,411.29,411.29,394.44,399.7,64586172
2022-08-09,398.67,407.51,398.67,404.02,73561849
2022-08-10,406.8,412.89,400.5,404.84,68300707
2022-08-11,405.28,405.28,392.89,397.89,35928294
2022-08-12,398.62,398.62,388.26,390.66,86469750
2022-08-15,391.83,394.98,384.22,388.68,46930957
2022-08-16,387.83,399.29,387.83,397.86,91020093
2022-08-17,394.61,400.5,393.72,397.08,70343777
2022-08-18,398.2,398.2,385.94,389.05,89300289
2022-08-19,387.24,389.44,383.9,387.51,47931929
2022-08-22,389.54,390.64,378.15,386.16,59448243
2022-08-23,386.26,386.26,369.02,372.1,56258988
2022-08-24,373.94,378.05,366.29,370.92,73304098
2022-08-25,369.35,371.96,367.29,369.87,25719363
2022-08-26,369.42,382.4,365.38,373.58,36724181
2022-08-29,373.45,385.09,373.45,383.65,39191440
2022-08-30,384.5,394.43,384.5,390.39,65832697
2022-08-31,390.27,393.25,386.07,389.46,66669499
2022-09-01,388.93,388.93,379.46,383.67,58000201
2022-09-02,383.43,406.6,383.43,397.49,100787593
2022-09-05,399.28,405.99,393.63,399.33,39151895
2022-09-06,399.68,406.82,393.09,399.65,42626746
2022-09-07,398.98,401.37,398.36,399.73,66064124
2022-09-08,398.45,405.92,398.45,401.02,37863275
2022-09-09,400.07,402.03,398.2,400.47,40107338
2022-09-12,400.45,401.21,391.81,397.47,44638383
2022-09-13,398.56,398.56,393.09,394.5,42865594
2022-09-14,394.04,397.28,391.95,394.37,56944912
2022-09-15,394.71,394.71,388.23,391.59,36946924
2022-09-16,391.35,394.48,383.82,387.78,74302050
2022-09-19,388.04,390.16,386.13,388.35,72789577
2022-09-20,387.61,396.14,377.82,387.19,40625683
2022-09-21,386.16,399.05,386.16,395.48,39978934
2022-09-22,397.2,397.2,377.17,381.8,83790772
2022-09-23,381.82,393.56,381.82,389.81,35471270
2022-09-26,389.65,400.72,389.65,397.06,32161696
2022-09-27,397.55,397.55,382.52,386.36,40823998
2022-09-28,387.88,388.08,375.49,384.18,44505591
2022-09-29,383.53,386.06,378.73,382.28,75464923
2022-09-30,380.85,384.13,367.45,374.99,67728616
2022-10-03,373.74,373.74,366.88,370.78,73123924
2022-10-04,369.91,369.91,362.43,365.09,65984018
2022-10-05,363.97,379.82,363.97,373.95,82078891
2022-10-06,373.58,382.21,373.58,379.47,67861091
2022-10-07,380.38,388.85,380.38,386.68,33019461
2022-10-10,386.06,395.15,386.06,391.12,78596529
2022-10-11,390.81,390.81,384.32,385.45,46280027
2022-10-12,386.22,387.37,372.68,382.56,56270928
2022-10-13,381.63,392.29,378.24,385.21,37166018
2022-10-14,386.74,386.74,376.85,379.05,48700750
2022-10-17,378.31,391.31,374.96,382.69,75639623
2022-10-18,383.54,383.54,379.88,381.78,72647007
2022-10-19,380.83,383.41,374.17,379.94,49527831
2022-10-20,381.66,387.66,377.64,383.79,72206636
2022-10-21,384.25,389.98,381.71,386.54,46243495
2022-10-24,387.45,393.66,378.0,384.93,70056024
2022-10-25,385.65,393.65,385.65,391.27,68274182
2022-10-26,389.94,391.2,382.22,385.95,71019914
2022-10-27,386.51,392.73,385.23,389.18,67629514
2022-10-28,388.15,396.11,386.27,392.74,76266978
2022-10-31,389.69,397.09,387.72,391.42,48925929
2022-11-01,392.3,395.11,391.98,393.32,70187614
2022-11-02,391.92,391.92,380.96,386.83,64156325
2022-11-03,384.67,399.12,383.12,391.68,64572959
2022-11-04,392.7,393.99,389.72,391.11,41998025
2022-11-07,392.48,395.42,382.64,388.44,44873562
2022-11-08,388.34,398.45,385.64,394.18,77263010
2022-11-09,394.55,394.55,388.89,390.82,61620522
2022-11-10,392.98,392.98,381.65,383.29,49106542
2022-11-11,383.97,383.97,369.43,374.92,74416754
2022-11-14,374.83,384.9,372.47,377.85,29789394
2022-11-15,380.67,380.67,366.89,371.52,64318265
2022-11-16,372.92,382.86,372.92,380.53,91093005
2022-11-17,379.08,379.08,363.35,370.32,74188999
2022-11-18,370.74,384.45,370.74,378.8,63071005
2022-11-21,378.21,384.15,377.94,380.52,30573851
2022-11-22,381.1,385.01,376.37,380.28,39085307
2022-11-23,380.29,381.71,370.91,377.58,44336315
2022-11-24,378.51,383.1,374.03,379.72,44179753
2022-11-25,379.6,383.63,372.62,379.81,29339591
2022-11-28,381.75,393.24,377.83,385.85,42641743
2022-11-29,385.02,391.15,384.21,386.96,51676644
2022-11-30,386.25,391.7,381.44,388.0,31796946
2022-12-01,389.37,389.37,383.8,386.29,39808361
2022-12-02,386.04,388.48,382.16,386.08,54168591
2022-12-05,385.76,392.14,383.75,387.91,31388102
2022-12-06,386.96,387.61,370.55,379.09,83944197
2022-12-07,378.26,378.26,367.84,371.82,58605489
2022-12-08,374.22,380.2,370.58,375.49,78219242
2022-12-09,376.53,378.69,374.03,376.74,38737262
2022-12-12,379.23,380.74,372.26,376.02,51704589
2022-12-13,377.57,377.57,373.12,376.26,29170195
2022-12-14,374.42,385.94,372.39,378.27,32972809
2022-12-15,378.64,381.82,371.25,375.73,74676462
2022-12-16,376.68,376.68,367.55,371.75,38825751
2022-12-19,370.73,380.99,365.0,372.74,64492378
2022-12-20,372.1,372.1,363.29,367.95,30515322
2022-12-21,367.63,373.29,367.63,369.97,66934438
2022-12-22,369.57,369.57,359.43,361.62,32826126
2022-12-23,361.71,371.77,361.11,366.57,80269109
2022-12-26,365.63,374.28,365.63,369.4,77300019
2022-12-27,370.02,379.12,364.33,371.03,40488350
2022-12-28,370.84,380.54,370.84,376.38,81701481
2022-12-29,376.2,389.28,376.2,385.63,48638412
2022-12-30,384.91,396.78,384.91,391.75,70471608
2023-01-02,392.99,392.99,373.16,382.37,42285353
2023-01-03,382.16,382.16,369.53,375.37,74410237
2023-01-04,374.42,376.15,368.35,371.97,30465686
2023-01-05,372.81,375.33,369.81,372.11,42903325
2023-01-06,373.99,377.29,370.8,374.97,49492103
2023-01-09,376.09,376.6,366.01,371.54,27701020
2023-01-10,371.71,378.78,369.34,372.51,47235914
2023-01-11,372.46,374.86,363.62,368.85,59439303
2023-01-12,366.24,373.65,360.03,365.74,79562765
2023-01-13,365.17,365.17,351.65,358.69,58560455
2023-01-16,358.42,358.42,352.18,353.96,75138094
2023-01-17,354.3,354.3,341.03,347.32,60210576
2023-01-18,346.33,346.33,338.54,342.5,35855233
2023-01-19,341.88,351.3,341.88,347.46,41604157
2023-01-20,346.07,346.07,340.02,343.32,77877630
2023-01-23,343.26,360.8,343.26,356.04,37510807
2023-01-24,355.94,363.48,355.94,360.95,62868221
2023-01-25,359.75,364.43,357.31,362.21,26417610
2023-01-26,360.35,365.8,352.88,358.16,49459923
2023-01-27,360.99,370.26,356.21,361.62,61116601
2023-01-30,359.73,368.36,352.52,359.09,78064550
2023-01-31,358.69,362.26,357.86,359.75,39657779
2023-02-01,358.89,378.59,358.89,372.95,44522611
2023-02-02,373.12,377.6,370.29,373.48,41402896
2023-02-03,373.3,381.45,373.3,379.67,62350997
2023-02-06,380.16,380.2,367.84,376.48,78535209
2023-02-07,376.12,377.82,373.25,376.32,38044878
2023-02-08,376.35,390.87,376.35,385.84,93460576
2023-02-09,384.48,386.6,379.74,383.17,79016574
2023-02-10,382.78,399.66,382.78,392.96,45543348
2023-02-13,394.48,403.37,392.5,397.53,37394048
2023-02-14,396.8,398.29,391.11,394.86,68409560
2023-02-15,396.13,404.24,393.45,398.39,40201150
2023-02-16,397.74,407.3,397.74,404.17,29119702
2023-02-17,404.26,413.93,402.71,408.15,74861700
2023-02-20,408.73,408.73,396.3,399.75,65416552
2023-02-21,397.04,400.79,391.77,395.52,75626250
2023-02-22,394.45,398.65,389.67,394.14,38684752
2023-02-23,391.91,398.98,388.49,393.86,51679053
2023-02-24,393.16,402.05,390.38,397.43,30076749
2023-02-27,397.31,400.62,397.01,398.78,42428218
2023-02-28,396.39,396.39,387.66,391.73,53692093
2023-03-01,392.65,398.26,387.4,393.63,63749345
2023-03-02,392.32,400.6,391.07,397.26,30794134
2023-03-03,397.09,407.2,396.81,400.73,38998462
2023-03-06,402.18,410.82,402.18,407.15,40508640
2023-03-07,406.68,416.78,406.68,412.4,41675838
2023-03-08,411.56,418.39,411.56,415.5,38556356
2023-03-09,414.08,419.13,409.59,415.45,50357729
2023-03-10,414.34,414.78,397.68,406.19,52676049
2023-03-13,404.09,413.3,404.09,408.35,62832941
2023-03-14,407.23,415.14,401.53,409.83,41132671
2023-03-15,411.16,417.12,406.31,411.64,73882926
2023-03-16,413.62,413.62,401.82,404.71,45316728
2023-03-17,404.92,404.92,393.65,398.54,65275308
2023-03-20,399.68,407.18,399.68,404.28,56694750
2023-03-21,402.88,407.13,400.88,404.54,48509285
2023-03-22,403.51,412.21,403.51,408.59,66390790
2023-03-23,408.09,412.2,406.02,409.15,57976858
2023-03-24,409.5,416.9,401.75,409.54,48376696
2023-03-27,409.39,418.05,409.39,415.11,44994046
2023-03-28,414.11,416.07,406.58,412.63,68635058
2023-03-29,412.73,415.06,411.34,413.25,49092529
2023-03-30,414.56,414.56,407.56,410.84,70297508
2023-03-31,410.34,411.88,404.83,408.45,46836434
2023-04-03,407.69,415.02,397.01,406.78,62999060
2023-04-04,405.07,411.15,405.07,408.14,77391954
2023-04-05,409.64,409.64,401.01,405.71,27803834
2023-04-06,407.33,420.24,404.95,412.9,36940621
2023-04-07,414.54,416.62,400.48,408.37,52141901
2023-04-10,407.91,409.06,404.64,407.28,28494958
2023-04-11,409.54,409.54,398.9,404.94,60335610
2023-04-12,404.86,417.04,404.86,413.22,58790294
2023-04-13,413.51,419.65,410.36,414.97,63325752
2023-04-14,414.57,424.17,414.57,421.23,63109503
2023-04-17,421.37,422.85,406.33,413.16,57252395
2023-04-18,412.58,417.14,411.52,414.48,69090160
2023-04-19,412.6,425.5,412.24,419.89,39114009
2023-04-20,419.62,424.26,417.63,420.85,43073696
2023-04-21,422.34,430.72,420.76,427.36,62432474
2023-04-24,427.52,427.52,422.66,424.83,70988172
2023-04-25,424.03,434.48,424.03,433.29,78979510
2023-04-26,434.26,451.55,434.26,447.97,72044009
2023-04-27,449.85,454.01,441.0,446.04,44469377
2023-04-28,444.51,445.28,440.21,443.44,32051683
2023-05-01,444.06,460.53,444.06,452.54,77096665
2023-05-02,453.41,472.22,453.41,463.25,48497970
2023-05-03,463.88,465.99,451.59,460.66,28164978
2023-05-04,459.92,462.23,450.97,458.08,52516248
2023-05-05,457.18,462.44,450.83,456.38,65284452
2023-05-08,454.69,455.38,444.49,448.09,38861059
2023-05-09,449.0,449.21,434.3,442.22,45804335
2023-05-10,440.85,440.85,429.09,436.03,48751335
2023-05-11,434.66,435.59,423.72,431.32,42445552
2023-05-12,431.26,435.96,422.37,431.08,72681857
2023-05-15,431.71,437.8,428.2,432.68,41671533
2023-05-16,434.44,444.1,434.44,442.37,39172129
2023-05-17,441.9,441.9,434.98,436.98,33541536
2023-05-18,438.75,447.14,438.75,442.92,58867989
2023-05-19,441.24,449.57,434.98,442.12,38999985
2023-05-22,443.74,444.1,439.01,441.99,74804976
2023-05-23,442.33,449.93,442.33,446.35,81259402
2023-05-24,446.11,449.68,433.46,439.88,73379337
2023-05-25,440.06,449.18,433.24,442.11,48854008
2023-05-26,442.29,447.45,437.46,443.45,63749568
2023-05-29,443.3,448.98,443.3,446.77,75872786
2023-05-30,448.71,456.38,444.11,448.94,33873655
2023-05-31,447.02,470.68,447.02,464.82,60985968
2023-06-01,464.48,464.48,456.8,460.22,72540739
2023-06-02,460.82,463.4,450.0,456.91,62337408
2023-06-05,456.37,464.73,444.52,453.03,80166109
2023-06-06,453.46,455.43,442.7,449.58,32302748
2023-06-07,449.24,450.51,442.33,445.67,80542490
2023-06-08,444.78,458.85,444.78,453.09,86582752
2023-06-09,454.08,468.86,454.08,462.7,60297196
2023-06-12,462.89,467.15,450.51,459.76,65525891
2023-06-13,459.49,459.49,450.99,454.56,57627145
2023-06-14,453.73,466.07,446.19,457.49,49604843
2023-06-15,459.86,462.38,444.41,454.37,60374003
2023-06-16,452.36,461.72,452.36,458.43,28134072
2023-06-19,457.23,466.23,454.25,460.15,52180365
2023-06-20,461.74,461.74,446.83,450.88,82061515
2023-06-21,449.3,466.36,449.3,460.41,61541790
2023-06-22,463.55,474.71,463.55,472.73,59582949
2023-06-23,470.81,475.01,460.36,469.57,39302476
2023-06-26,470.15,475.46,461.2,467.12,39898597
2023-06-27,465.09,478.43,461.36,469.08,58693081
2023-06-28,469.0,478.23,467.08,471.58,51916806
2023-06-29,474.05,484.67,468.49,476.26,59671675
2023-06-30,475.7,494.32,475.7,490.19,48041324
2023-07-03,493.45,497.29,477.36,489.79,52565224
2023-07-04,490.61,490.61,482.68,484.62,62107164
2023-07-05,484.15,484.15,471.51,475.42,85003141
2023-07-06,473.77,476.92,463.26,470.4,32310499
2023-07-07,469.1,480.46,462.96,470.16,73668193
2023-07-10,470.45,486.05,470.45,482.22,76292852
2023-07-11,480.52,488.45,471.17,479.61,78441541
2023-07-12,478.48,487.13,475.47,481.19,36781146
2023-07-13,479.35,484.46,477.88,481.39,25459531
2023-07-14,479.59,498.83,479.59,489.63,38579421
2023-07-17,487.43,516.81,487.43,507.75,59222950
2023-07-18,509.21,514.14,496.66,503.91,77853644
2023-07-19,504.65,507.13,495.47,500.62,37344552
2023-07-20,501.44,518.94,501.27,507.99,83228226
2023-07-21,510.84,515.23,510.7,513.43,28603194
2023-07-24,514.94,533.04,514.94,527.27,32537635
2023-07-25,524.05,542.03,524.05,532.52,54892676
2023-07-26,535.89,535.89,527.48,530.39,65792921
2023-07-27,530.6,539.12,527.85,534.9,60365121
2023-07-28,534.71,548.87,534.71,543.67,33303862
2023-07-31,538.61,556.45,538.61,550.59,70608423
2023-08-01,550.8,558.78,550.8,555.09,31872622
2023-08-02,556.06,571.76,555.94,563.86,36371285
2023-08-03,563.23,579.31,563.23,573.79,50278715
2023-08-04,575.13,592.83,575.04,585.68,82767078
2023-08-07,583.98,596.81,583.98,591.85,34645246
2023-08-08,591.13,595.47,583.57,591.08,50968662
2023-08-09,591.55,606.17,582.63,592.52,74285976
2023-08-10,586.7,609.61,586.7,602.87,58091244
2023-08-11,601.39,610.08,587.64,596.89,45822960
2023-08-14,596.77,607.42,594.58,599.93,43823483
2023-08-15,602.55,602.55,592.07,597.11,42155279
2023-08-16,597.02,601.47,594.08,597.49,52538775
2023-08-17,597.25,615.14,597.25,608.48,86631009
2023-08-18,611.37,615.71,606.25,610.94,36724045
2023-08-21,610.47,616.9,603.28,611.75,64636302
2023-08-22,611.1,611.1,596.51,600.65,81298095
2023-08-23,601.4,613.66,601.4,606.63,77257035
2023-08-24,607.87,615.4,607.87,612.67,57421953
2023-08-25,612.3,638.22,612.3,631.93,97501916
2023-08-28,632.03,635.88,626.7,629.81,41348438
2023-08-29,632.62,635.34,628.23,631.96,64952015
2023-08-30,631.58,639.41,630.13,634.56,74599401
2023-08-31,632.88,660.49,632.88,649.02,52795468
2023-09-01,649.11,654.44,644.3,649.21,49508284
2023-09-04,646.72,664.58,642.47,652.04,54277079
2023-09-05,650.72,660.06,650.72,658.02,72895599
2023-09-06,658.84,663.96,656.92,660.33,45149867
2023-09-07,659.27,662.01,651.77,656.69,70520506
2023-09-08,656.99,666.69,650.24,658.59,34509769
2023-09-11,657.97,672.98,657.97,668.88,84899097
2023-09-12,668.4,668.4,656.32,660.25,45032626
2023-09-13,662.64,664.23,656.35,661.36,73074519
2023-09-14,662.57,662.57,647.96,655.34,73245565
2023-09-15,656.81,669.35,656.81,666.3,67048843
2023-09-18,665.95,665.95,650.3,653.23,50150767
2023-09-19,652.73,652.73,641.16,647.86,46048897
2023-09-20,645.98,664.48,644.21,651.29,45619959
2023-09-21,649.53,670.6,649.53,666.07,53059353
2023-09-22,667.28,670.97,663.92,666.53,74806993
2023-09-25,666.76,671.29,650.42,661.76,36147659
2023-09-26,663.46,688.25,663.46,679.32,72603451
2023-09-27,679.52,682.66,651.09,667.01,73364990
2023-09-28,665.21,665.21,639.66,646.71,84922984
2023-09-29,645.74,657.74,642.09,651.6,27858007
2023-10-02,649.63,654.56,640.13,647.56,61798901
2023-10-03,647.2,647.2,631.53,638.56,84052679
2023-10-04,638.92,655.63,629.04,644.72,32734355
2023-10-05,648.99,654.01,642.54,647.52,60134733
2023-10-06,649.85,649.85,636.01,642.92,37222688
2023-10-09,641.15,642.83,618.64,631.69,62858685
2023-10-10,632.96,649.48,623.38,639.12,53174616
2023-10-11,640.66,649.37,639.65,645.59,76018125
2023-10-12,644.83,649.18,637.87,645.33,40735761
2023-10-13,644.26,672.42,644.26,662.36,59439865
2023-10-16,664.96,664.96,647.09,653.77,73980784
2023-10-17,651.95,651.95,632.76,639.98,86949528
2023-10-18,638.14,643.77,622.62,633.5,29158752
2023-10-19,632.23,641.75,624.13,633.08,34897325
2023-10-20,632.65,646.29,624.09,635.5,28689875
2023-10-23,632.39,637.57,630.55,633.8,63903175
2023-10-24,633.91,640.28,632.88,637.12,41366736
2023-10-25,636.52,636.52,620.87,626.63,33412994
2023-10-26,628.94,646.83,628.94,639.06,72375252
2023-10-27,640.57,642.2,637.6,639.27,73656203
2023-10-30,639.52,657.33,638.23,649.56,68055566
2023-10-31,644.74,656.89,644.74,653.49,57367061
2023-11-01,650.2,662.59,650.2,658.15,71237307
2023-11-02,658.61,672.0,650.7,663.92,55997659
2023-11-03,665.72,671.14,665.56,668.66,60441110
2023-11-06,666.97,685.65,666.97,675.21,50132531
2023-11-07,675.48,701.0,672.95,688.42,46433675
2023-11-08,689.31,698.19,683.58,691.3,72003683
2023-11-09,693.02,705.55,693.02,698.6,76727402
2023-11-10,700.57,703.83,691.88,698.43,44911103
2023-11-13,697.61,717.73,697.61,712.84,85223797
2023-11-14,711.36,718.42,691.2,707.25,41115786
2023-11-15,707.13,730.61,707.13,725.19,79204057
2023-11-16,728.55,732.62,718.72,726.04,53729498
2023-11-17,726.23,726.23,706.23,712.16,61408541
2023-11-20,712.34,716.46,705.88,713.08,52628335
2023-11-21,712.17,719.85,698.75,706.76,57263334
2023-11-22,708.09,732.6,703.75,715.07,38599484
2023-11-23,714.48,718.16,703.78,709.38,45746906
2023-11-24,711.1,711.93,696.78,705.06,29463655
2023-11-27,703.79,703.79,675.08,686.95,79790077
2023-11-28,687.02,694.61,671.14,682.1,33041630
2023-11-29,683.75,683.75,650.89,659.65,65566806
2023-11-30,660.93,660.93,630.85,637.14,59520889
2023-12-01,637.12,654.9,637.12,646.63,45852652
2023-12-04,646.0,659.45,644.56,654.34,29409967
2023-12-05,652.5,665.28,652.5,658.91,31023368
2023-12-06,660.07,660.07,646.04,650.68,79655735
2023-12-07,651.98,663.11,643.56,650.15,64664457
2023-12-08,651.29,664.43,639.29,650.4,61594719
2023-12-11,649.52,649.52,631.24,640.36,41126969
2023-12-12,639.54,661.21,639.54,653.64,80854759
2023-12-13,655.71,674.07,651.02,662.64,28932548
2023-12-14,662.44,664.2,657.16,661.38,56401933
2023-12-15,663.34,667.96,655.09,661.88,38719571
2023-12-18,659.56,669.0,655.91,664.13,48705664
2023-12-19,664.15,664.15,639.5,646.02,32454604
2023-12-20,644.1,655.28,634.36,643.23,56179364
2023-12-21,642.16,642.16,632.31,637.34,57877994
2023-12-22,638.22,638.22,621.83,628.57,43876770
2023-12-25,629.0,632.57,617.64,625.99,75060356
2023-12-26,624.48,648.12,624.48,641.95,34372336
2023-12-27,637.22,654.74,637.22,648.8,44338593
2023-12-28,647.66,652.94,636.35,644.34,40197603
2023-12-29,643.67,662.16,637.46,649.55,59241437
