date,portfolio_value,cumulative_pnl,drawdown
2020-03-02,100000.0,0.0,0.0
2020-03-03,100000.0,0.0,0.0
2020-03-04,99995.0,-5.0,5e-05
2020-03-05,100386.5,386.5,0.0
2020-03-06,100386.5,386.5,0.0
2020-03-09,100386.5,386.5,0.0
2020-03-10,100386.5,386.5,0.0
2020-03-11,100386.5,386.5,0.0
2020-03-12,100386.5,386.5,0.0
2020-03-13,100386.5,386.5,0.0
2020-03-16,100386.5,386.5,0.0
2020-03-17,100386.5,386.5,0.0
2020-03-18,100386.5,386.5,0.0
2020-03-19,100386.5,386.5,0.0
2020-03-20,100386.5,386.5,0.0
2020-03-23,100386.5,386.5,0.0
2020-03-24,100386.5,386.5,0.0
2020-03-25,100386.5,386.5,0.0
2020-03-26,100386.5,386.5,0.0
2020-03-27,100386.5,386.5,0.0
2020-03-30,100386.5,386.5,0.0
2020-03-31,100386.5,386.5,0.0
2020-04-01,100386.5,386.5,0.0
2020-04-02,100386.5,386.5,0.0
2020-04-03,100386.5,386.5,0.0
2020-04-06,100386.5,386.5,0.0
2020-04-07,100386.5,386.5,0.0
2020-04-08,100386.5,386.5,0.0
2020-04-09,100386.5,386.5,0.0
2020-04-10,100386.5,386.5,0.0
2020-04-13,100386.5,386.5,0.0
2020-04-14,100386.5,386.5,0.0
2020-04-15,100386.5,386.5,0.0
2020-04-16,100386.5,386.5,0.0
2020-04-17,100386.5,386.5,0.0
2020-04-20,100386.5,386.5,0.0
2020-04-21,100386.5,386.5,0.0
2020-04-22,100386.5,386.5,0.0
2020-04-23,100386.5,386.5,0.0
2020-04-24,100386.5,386.5,0.0
2020-04-27,100386.5,386.5,0.0
2020-04-28,100386.5,386.5,0.0
2020-04-29,100386.5,386.5,0.0
2020-04-30,100386.5,386.5,0.0
2020-05-01,100386.5,386.5,0.0
2020-05-04,100386.5,386.5,0.0
2020-05-05,100386.5,386.5,0.0
2020-05-06,100386.5,386.5,0.0
2020-05-07,100386.5,386.5,0.0
2020-05-08,100386.5,386.5,0.0
2020-05-11,100386.5,386.5,0.0
2020-05-12,100386.5,386.5,0.0
2020-05-13,100386.5,386.5,0.0
2020-05-14,100386.5,386.5,0.0
2020-05-15,100386.5,386.5,0.0
2020-05-18,100381.5,381.5,4.980749403555259e-05
2020-05-19,100257.18000000001,257.18000000000757,0.0012882210257354567
2020-05-20,100257.18000000001,257.18000000000757,0.0012882210257354567
2020-05-21,100257.18000000001,257.18000000000757,0.0012882210257354567
2020-05-22,100257.18000000001,257.18000000000757,0.0012882210257354567
2020-05-25,100257.18000000001,257.18000000000757,0.0012882210257354567
2020-05-26,100257.18000000001,257.18000000000757,0.0012882210257354567
2020-05-27,100257.18000000001,257.18000000000757,0.0012882210257354567
2020-05-28,100257.18000000001,257.18000000000757,0.0012882210257354567
2020-05-29,100257.18000000001,257.18000000000757,0.0012882210257354567
2020-06-01,100257.18000000001,257.18000000000757,0.0012882210257354567
2020-06-02,100257.18000000001,257.18000000000757,0.0012882210257354567
2020-06-03,100257.18000000001,257.18000000000757,0.0012882210257354567
2020-06-04,100257.18000000001,257.18000000000757,0.0012882210257354567
2020-06-05,100257.18000000001,257.18000000000757,0.0012882210257354567
2020-06-08,100257.18000000001,257.18000000000757,0.0012882210257354567
2020-06-09,100257.18000000001,257.18000000000757,0.0012882210257354567
2020-06-10,100257.18000000001,257.18000000000757,0.0012882210257354567
2020-06-11,100257.18000000001,257.18000000000757,0.0012882210257354567
2020-06-12,100257.18000000001,257.18000000000757,0.0012882210257354567
2020-06-15,100257.18000000001,257.18000000000757,0.0012882210257354567
2020-06-16,100257.18000000001,257.18000000000757,0.0012882210257354567
2020-06-17,100257.18000000001,257.18000000000757,0.0012882210257354567
2020-06-18,100257.18000000001,257.18000000000757,0.0012882210257354567
2020-06-19,100257.18000000001,257.18000000000757,0.0012882210257354567
2020-06-22,100257.18000000001,257.18000000000757,0.0012882210257354567
2020-06-23,100257.18000000001,257.18000000000757,0.0012882210257354567
2020-06-24,100252.18000000001,252.18000000000757,0.0013380285197710094
2020-06-25,100047.38,47.38000000000466,0.0033781434754672724
2020-06-26,100047.38,47.38000000000466,0.0033781434754672724
2020-06-29,100047.38,47.38000000000466,0.0033781434754672724
2020-06-30,100047.38,47.38000000000466,0.0033781434754672724
2020-07-01,100047.38,47.38000000000466,0.0033781434754672724
2020-07-02,100047.38,47.38000000000466,0.0033781434754672724
2020-07-03,100047.38,47.38000000000466,0.0033781434754672724
2020-07-06,100047.38,47.38000000000466,0.0033781434754672724
2020-07-07,100047.38,47.38000000000466,0.0033781434754672724
2020-07-08,100047.38,47.38000000000466,0.0033781434754672724
2020-07-09,100047.38,47.38000000000466,0.0033781434754672724
2020-07-10,100047.38,47.38000000000466,0.0033781434754672724
2020-07-13,100047.38,47.38000000000466,0.0033781434754672724
2020-07-14,100047.38,47.38000000000466,0.0033781434754672724
2020-07-15,100047.38,47.38000000000466,0.0033781434754672724
2020-07-16,100047.38,47.38000000000466,0.0033781434754672724
2020-07-17,100047.38,47.38000000000466,0.0033781434754672724
2020-07-20,100047.38,47.38000000000466,0.0033781434754672724
2020-07-21,100047.38,47.38000000000466,0.0033781434754672724
2020-07-22,100047.38,47.38000000000466,0.0033781434754672724
2020-07-23,100047.38,47.38000000000466,0.0033781434754672724
2020-07-24,100047.38,47.38000000000466,0.0033781434754672724
2020-07-27,100047.38,47.38000000000466,0.0033781434754672724
2020-07-28,100042.38,42.38000000000466,0.003427950969502825
2020-07-29,100088.58000000002,88.5800000000163,0.002967729724614203
2020-07-30,100134.78000000001,134.7800000000134,0.002507508479725726
2020-07-31,100128.62000000001,128.6200000000099,0.0025688713123775617
2020-08-03,99837.95000000001,-162.04999999998836,0.005464380170640358
2020-08-04,99837.95000000001,-162.04999999998836,0.005464380170640358
2020-08-05,99837.95000000001,-162.04999999998836,0.005464380170640358
2020-08-06,99837.95000000001,-162.04999999998836,0.005464380170640358
2020-08-07,99837.95000000001,-162.04999999998836,0.005464380170640358
2020-08-10,99837.95000000001,-162.04999999998836,0.005464380170640358
2020-08-11,99837.95000000001,-162.04999999998836,0.005464380170640358
2020-08-12,99837.95000000001,-162.04999999998836,0.005464380170640358
2020-08-13,99837.95000000001,-162.04999999998836,0.005464380170640358
2020-08-14,99837.95000000001,-162.04999999998836,0.005464380170640358
2020-08-17,99837.95000000001,-162.04999999998836,0.005464380170640358
2020-08-18,99837.95000000001,-162.04999999998836,0.005464380170640358
2020-08-19,99837.95000000001,-162.04999999998836,0.005464380170640358
2020-08-20,99837.95000000001,-162.04999999998836,0.005464380170640358
2020-08-21,99837.95000000001,-162.04999999998836,0.005464380170640358
2020-08-24,99837.95000000001,-162.04999999998836,0.005464380170640358
2020-08-25,99837.95000000001,-162.04999999998836,0.005464380170640358
2020-08-26,99837.95000000001,-162.04999999998836,0.005464380170640358
2020-08-27,99837.95000000001,-162.04999999998836,0.005464380170640358
2020-08-28,99837.95000000001,-162.04999999998836,0.005464380170640358
2020-08-31,99837.95000000001,-162.04999999998836,0.005464380170640358
2020-09-01,99837.95000000001,-162.04999999998836,0.005464380170640358
2020-09-02,99837.95000000001,-162.04999999998836,0.005464380170640358
2020-09-03,99837.95000000001,-162.04999999998836,0.005464380170640358
2020-09-04,99837.95000000001,-162.04999999998836,0.005464380170640358
2020-09-07,99837.95000000001,-162.04999999998836,0.005464380170640358
2020-09-08,99837.95000000001,-162.04999999998836,0.005464380170640358
2020-09-09,99837.95000000001,-162.04999999998836,0.005464380170640358
2020-09-10,99837.95000000001,-162.04999999998836,0.005464380170640358
2020-09-11,99837.95000000001,-162.04999999998836,0.005464380170640358
2020-09-14,99837.95000000001,-162.04999999998836,0.005464380170640358
2020-09-15,99837.95000000001,-162.04999999998836,0.005464380170640358
2020-09-16,99837.95000000001,-162.04999999998836,0.005464380170640358
2020-09-17,99837.95000000001,-162.04999999998836,0.005464380170640358
2020-09-18,99837.95000000001,-162.04999999998836,0.005464380170640358
2020-09-21,99837.95000000001,-162.04999999998836,0.005464380170640358
2020-09-22,99837.95000000001,-162.04999999998836,0.005464380170640358
2020-09-23,99837.95000000001,-162.04999999998836,0.005464380170640358
2020-09-24,99837.95000000001,-162.04999999998836,0.005464380170640358
2020-09-25,99837.95000000001,-162.04999999998836,0.005464380170640358
2020-09-28,99837.95000000001,-162.04999999998836,0.005464380170640358
2020-09-29,99837.95000000001,-162.04999999998836,0.005464380170640358
2020-09-30,99837.95000000001,-162.04999999998836,0.005464380170640358
2020-10-01,99837.95000000001,-162.04999999998836,0.005464380170640358
2020-10-02,99837.95000000001,-162.04999999998836,0.005464380170640358
2020-10-05,99837.95000000001,-162.04999999998836,0.005464380170640358
2020-10-06,99837.95000000001,-162.04999999998836,0.005464380170640358
2020-10-07,99837.95000000001,-162.04999999998836,0.005464380170640358
2020-10-08,99837.95000000001,-162.04999999998836,0.005464380170640358
2020-10-09,99837.95000000001,-162.04999999998836,0.005464380170640358
2020-10-12,99837.95000000001,-162.04999999998836,0.005464380170640358
2020-10-13,99837.95000000001,-162.04999999998836,0.005464380170640358
2020-10-14,99837.95000000001,-162.04999999998836,0.005464380170640358
2020-10-15,99837.95000000001,-162.04999999998836,0.005464380170640358
2020-10-16,99837.95000000001,-162.04999999998836,0.005464380170640358
2020-10-19,99837.95000000001,-162.04999999998836,0.005464380170640358
2020-10-20,99837.95000000001,-162.04999999998836,0.005464380170640358
2020-10-21,99837.95000000001,-162.04999999998836,0.005464380170640358
2020-10-22,99837.95000000001,-162.04999999998836,0.005464380170640358
2020-10-23,99837.95000000001,-162.04999999998836,0.005464380170640358
2020-10-26,99837.95000000001,-162.04999999998836,0.005464380170640358
2020-10-27,99837.95000000001,-162.04999999998836,0.005464380170640358
2020-10-28,99837.95000000001,-162.04999999998836,0.005464380170640358
2020-10-29,99837.95000000001,-162.04999999998836,0.005464380170640358
2020-10-30,99837.95000000001,-162.04999999998836,0.005464380170640358
2020-11-02,99837.95000000001,-162.04999999998836,0.005464380170640358
2020-11-03,99837.95000000001,-162.04999999998836,0.005464380170640358
2020-11-04,99837.95000000001,-162.04999999998836,0.005464380170640358
2020-11-05,99837.95000000001,-162.04999999998836,0.005464380170640358
2020-11-06,99837.95000000001,-162.04999999998836,0.005464380170640358
2020-11-09,99837.95000000001,-162.04999999998836,0.005464380170640358
2020-11-10,99837.95000000001,-162.04999999998836,0.005464380170640358
2020-11-11,99837.95000000001,-162.04999999998836,0.005464380170640358
2020-11-12,99837.95000000001,-162.04999999998836,0.005464380170640358
2020-11-13,99837.95000000001,-162.04999999998836,0.005464380170640358
2020-11-16,99837.95000000001,-162.04999999998836,0.005464380170640358
2020-11-17,99837.95000000001,-162.04999999998836,0.005464380170640358
2020-11-18,99837.95000000001,-162.04999999998836,0.005464380170640358
2020-11-19,99837.95000000001,-162.04999999998836,0.005464380170640358
2020-11-20,99837.95000000001,-162.04999999998836,0.005464380170640358
2020-11-23,99837.95000000001,-162.04999999998836,0.005464380170640358
2020-11-24,99837.95000000001,-162.04999999998836,0.005464380170640358
2020-11-25,99832.95000000001,-167.04999999998836,0.005514187664675911
2020-11-26,99628.71,-371.2899999999936,0.0075487241810402155
2020-11-27,99628.71,-371.2899999999936,0.0075487241810402155
2020-11-30,99628.71,-371.2899999999936,0.0075487241810402155
2020-12-01,99628.71,-371.2899999999936,0.0075487241810402155
2020-12-02,99628.71,-371.2899999999936,0.0075487241810402155
2020-12-03,99628.71,-371.2899999999936,0.0075487241810402155
2020-12-04,99628.71,-371.2899999999936,0.0075487241810402155
2020-12-07,99628.71,-371.2899999999936,0.0075487241810402155
2020-12-08,99628.71,-371.2899999999936,0.0075487241810402155
2020-12-09,99628.71,-371.2899999999936,0.0075487241810402155
2020-12-10,99628.71,-371.2899999999936,0.0075487241810402155
2020-12-11,99628.71,-371.2899999999936,0.0075487241810402155
2020-12-14,99628.71,-371.2899999999936,0.0075487241810402155
2020-12-15,99628.71,-371.2899999999936,0.0075487241810402155
2020-12-16,99628.71,-371.2899999999936,0.0075487241810402155
2020-12-17,99628.71,-371.2899999999936,0.0075487241810402155
2020-12-18,99628.71,-371.2899999999936,0.0075487241810402155
2020-12-21,99628.71,-371.2899999999936,0.0075487241810402155
2020-12-22,99628.71,-371.2899999999936,0.0075487241810402155
2020-12-23,99628.71,-371.2899999999936,0.0075487241810402155
2020-12-24,99628.71,-371.2899999999936,0.0075487241810402155
2020-12-25,99628.71,-371.2899999999936,0.0075487241810402155
2020-12-28,99628.71,-371.2899999999936,0.0075487241810402155
2020-12-29,99628.71,-371.2899999999936,0.0075487241810402155
2020-12-30,99628.71,-371.2899999999936,0.0075487241810402155
2020-12-31,99628.71,-371.2899999999936,0.0075487241810402155
2021-01-01,99628.71,-371.2899999999936,0.0075487241810402155
2021-01-04,99628.71,-371.2899999999936,0.0075487241810402155
2021-01-05,99628.71,-371.2899999999936,0.0075487241810402155
2021-01-06,99628.71,-371.2899999999936,0.0075487241810402155
2021-01-07,99628.71,-371.2899999999936,0.0075487241810402155
2021-01-08,99628.71,-371.2899999999936,0.0075487241810402155
2021-01-11,99623.71,-376.2899999999936,0.007598531675075768
2021-01-12,99645.67000000001,-354.3299999999872,0.007379777161271557
2021-01-13,99419.85,-580.1499999999942,0.009629282821893324
2021-01-14,99419.85,-580.1499999999942,0.009629282821893324
2021-01-15,99419.85,-580.1499999999942,0.009629282821893324
2021-01-18,99419.85,-580.1499999999942,0.009629282821893324
2021-01-19,99419.85,-580.1499999999942,0.009629282821893324
2021-01-20,99419.85,-580.1499999999942,0.009629282821893324
2021-01-21,99419.85,-580.1499999999942,0.009629282821893324
2021-01-22,99414.85,-585.1499999999942,0.009679090315928876
2021-01-25,99593.05000000002,-406.94999999998254,0.007903951228501667
2021-01-26,99213.65000000001,-786.3499999999913,0.011683343875919483
2021-01-27,99213.65000000001,-786.3499999999913,0.011683343875919483
2021-01-28,99213.65000000001,-786.3499999999913,0.011683343875919483
2021-01-29,99213.65000000001,-786.3499999999913,0.011683343875919483
2021-02-01,99213.65000000001,-786.3499999999913,0.011683343875919483
2021-02-02,99213.65000000001,-786.3499999999913,0.011683343875919483
2021-02-03,99213.65000000001,-786.3499999999913,0.011683343875919483
2021-02-04,99213.65000000001,-786.3499999999913,0.011683343875919483
2021-02-05,99213.65000000001,-786.3499999999913,0.011683343875919483
2021-02-08,99213.65000000001,-786.3499999999913,0.011683343875919483
2021-02-09,99213.65000000001,-786.3499999999913,0.011683343875919483
2021-02-10,99213.65000000001,-786.3499999999913,0.011683343875919483
2021-02-11,99213.65000000001,-786.3499999999913,0.011683343875919483
2021-02-12,99213.65000000001,-786.3499999999913,0.011683343875919483
2021-02-15,99213.65000000001,-786.3499999999913,0.011683343875919483
2021-02-16,99213.65000000001,-786.3499999999913,0.011683343875919483
2021-02-17,99213.65000000001,-786.3499999999913,0.011683343875919483
2021-02-18,99213.65000000001,-786.3499999999913,0.011683343875919483
2021-02-19,99213.65000000001,-786.3499999999913,0.011683343875919483
2021-02-22,99213.65000000001,-786.3499999999913,0.011683343875919483
2021-02-23,99213.65000000001,-786.3499999999913,0.011683343875919483
2021-02-24,99213.65000000001,-786.3499999999913,0.011683343875919483
2021-02-25,99213.65000000001,-786.3499999999913,0.011683343875919483
2021-02-26,99213.65000000001,-786.3499999999913,0.011683343875919483
2021-03-01,99213.65000000001,-786.3499999999913,0.011683343875919483
2021-03-02,99213.65000000001,-786.3499999999913,0.011683343875919483
2021-03-03,99213.65000000001,-786.3499999999913,0.011683343875919483
2021-03-04,99213.65000000001,-786.3499999999913,0.011683343875919483
2021-03-05,99213.65000000001,-786.3499999999913,0.011683343875919483
2021-03-08,99213.65000000001,-786.3499999999913,0.011683343875919483
2021-03-09,99213.65000000001,-786.3499999999913,0.011683343875919483
2021-03-10,99213.65000000001,-786.3499999999913,0.011683343875919483
2021-03-11,99213.65000000001,-786.3499999999913,0.011683343875919483
2021-03-12,99213.65000000001,-786.3499999999913,0.011683343875919483
2021-03-15,99213.65000000001,-786.3499999999913,0.011683343875919483
2021-03-16,99213.65000000001,-786.3499999999913,0.011683343875919483
2021-03-17,99213.65000000001,-786.3499999999913,0.011683343875919483
2021-03-18,99213.65000000001,-786.3499999999913,0.011683343875919483
2021-03-19,99213.65000000001,-786.3499999999913,0.011683343875919483
2021-03-22,99213.65000000001,-786.3499999999913,0.011683343875919483
2021-03-23,99213.65000000001,-786.3499999999913,0.011683343875919483
2021-03-24,99213.65000000001,-786.3499999999913,0.011683343875919483
2021-03-25,99213.65000000001,-786.3499999999913,0.011683343875919483
2021-03-26,99213.65000000001,-786.3499999999913,0.011683343875919483
2021-03-29,99213.65000000001,-786.3499999999913,0.011683343875919483
2021-03-30,99213.65000000001,-786.3499999999913,0.011683343875919483
2021-03-31,99208.65000000001,-791.3499999999913,0.011733151369955036
2021-04-01,99006.49,-993.5099999999948,0.013746967968800533
2021-04-02,99006.49,-993.5099999999948,0.013746967968800533
2021-04-05,99006.49,-993.5099999999948,0.013746967968800533
2021-04-06,99006.49,-993.5099999999948,0.013746967968800533
2021-04-07,99006.49,-993.5099999999948,0.013746967968800533
2021-04-08,99001.48999999999,-998.5100000000093,0.013796775462836232
2021-04-09,98799.93,-1200.070000000007,0.015804615162397406
2021-04-12,98799.93,-1200.070000000007,0.015804615162397406
2021-04-13,98799.93,-1200.070000000007,0.015804615162397406
2021-04-14,98799.93,-1200.070000000007,0.015804615162397406
2021-04-15,98799.93,-1200.070000000007,0.015804615162397406
2021-04-16,98794.93,-1205.070000000007,0.015854422656432957
2021-04-19,98690.39,-1309.6100000000006,0.016895797741728225
2021-04-20,98685.39,-1314.6100000000006,0.01694560523576378
2021-04-21,98742.72,-1257.2799999999988,0.016374512509152117
2021-04-22,98875.65,-1124.3500000000058,0.015050330472722985
2021-04-23,99071.62,-928.3800000000047,0.013098175551493525
2021-04-26,99071.62,-928.3800000000047,0.013098175551493525
2021-04-27,99071.62,-928.3800000000047,0.013098175551493525
2021-04-28,99071.62,-928.3800000000047,0.013098175551493525
2021-04-29,99071.62,-928.3800000000047,0.013098175551493525
2021-04-30,99071.62,-928.3800000000047,0.013098175551493525
2021-05-03,99071.62,-928.3800000000047,0.013098175551493525
2021-05-04,99071.62,-928.3800000000047,0.013098175551493525
2021-05-05,99071.62,-928.3800000000047,0.013098175551493525
2021-05-06,99071.62,-928.3800000000047,0.013098175551493525
2021-05-07,99071.62,-928.3800000000047,0.013098175551493525
2021-05-10,99071.62,-928.3800000000047,0.013098175551493525
2021-05-11,99071.62,-928.3800000000047,0.013098175551493525
2021-05-12,99071.62,-928.3800000000047,0.013098175551493525
2021-05-13,99071.62,-928.3800000000047,0.013098175551493525
2021-05-14,99071.62,-928.3800000000047,0.013098175551493525
2021-05-17,99071.62,-928.3800000000047,0.013098175551493525
2021-05-18,99071.62,-928.3800000000047,0.013098175551493525
2021-05-19,99071.62,-928.3800000000047,0.013098175551493525
2021-05-20,99071.62,-928.3800000000047,0.013098175551493525
2021-05-21,99071.62,-928.3800000000047,0.013098175551493525
2021-05-24,99071.62,-928.3800000000047,0.013098175551493525
2021-05-25,99071.62,-928.3800000000047,0.013098175551493525
2021-05-26,99071.62,-928.3800000000047,0.013098175551493525
2021-05-27,99071.62,-928.3800000000047,0.013098175551493525
2021-05-28,99071.62,-928.3800000000047,0.013098175551493525
2021-05-31,99071.62,-928.3800000000047,0.013098175551493525
2021-06-01,99071.62,-928.3800000000047,0.013098175551493525
2021-06-02,99071.62,-928.3800000000047,0.013098175551493525
2021-06-03,99071.62,-928.3800000000047,0.013098175551493525
2021-06-04,99071.62,-928.3800000000047,0.013098175551493525
2021-06-07,99071.62,-928.3800000000047,0.013098175551493525
2021-06-08,99071.62,-928.3800000000047,0.013098175551493525
2021-06-09,99071.62,-928.3800000000047,0.013098175551493525
2021-06-10,99071.62,-928.3800000000047,0.013098175551493525
2021-06-11,99071.62,-928.3800000000047,0.013098175551493525
2021-06-14,99071.62,-928.3800000000047,0.013098175551493525
2021-06-15,99071.62,-928.3800000000047,0.013098175551493525
2021-06-16,99071.62,-928.3800000000047,0.013098175551493525
2021-06-17,99071.62,-928.3800000000047,0.013098175551493525
2021-06-18,99071.62,-928.3800000000047,0.013098175551493525
2021-06-21,99071.62,-928.3800000000047,0.013098175551493525
2021-06-22,99071.62,-928.3800000000047,0.013098175551493525
2021-06-23,99071.62,-928.3800000000047,0.013098175551493525
2021-06-24,99071.62,-928.3800000000047,0.013098175551493525
2021-06-25,99071.62,-928.3800000000047,0.013098175551493525
2021-06-28,99071.62,-928.3800000000047,0.013098175551493525
2021-06-29,99071.62,-928.3800000000047,0.013098175551493525
2021-06-30,99071.62,-928.3800000000047,0.013098175551493525
2021-07-01,99071.62,-928.3800000000047,0.013098175551493525
2021-07-02,99071.62,-928.3800000000047,0.013098175551493525
2021-07-05,99071.62,-928.3800000000047,0.013098175551493525
2021-07-06,99071.62,-928.3800000000047,0.013098175551493525
2021-07-07,99066.62,-933.3800000000047,0.013147983045529077
2021-07-08,99052.37,-947.6300000000047,0.013289934403530402
2021-07-09,99051.79999999999,-948.2000000000116,0.013295612457850525
2021-07-12,98863.82999999999,-1136.1700000000128,0.0151680753886231
2021-07-13,98863.82999999999,-1136.1700000000128,0.0151680753886231
2021-07-14,98863.82999999999,-1136.1700000000128,0.0151680753886231
2021-07-15,98863.82999999999,-1136.1700000000128,0.0151680753886231
2021-07-16,98863.82999999999,-1136.1700000000128,0.0151680753886231
2021-07-19,98863.82999999999,-1136.1700000000128,0.0151680753886231
2021-07-20,98858.82999999999,-1141.1700000000128,0.015217882882658653
2021-07-21,98857.15,-1142.8500000000058,0.015234618200654528
2021-07-22,98922.10999999999,-1077.890000000014,0.01458751923814471
2021-07-23,99035.79,-964.2100000000064,0.013455096053752311
2021-07-26,98982.03,-1017.9700000000012,0.013990626229622521
2021-07-27,99017.31,-982.6900000000023,0.013639184551707673
2021-07-28,99024.59,-975.4100000000035,0.01356666484039192
2021-07-29,99043.06999999999,-956.9300000000076,0.013382576342436558
2021-07-30,98927.15,-1072.8500000000058,0.014537313284156791
2021-08-02,98928.26999999999,-1071.7300000000105,0.014526156405492876
2021-08-03,99008.34999999999,-991.6500000000087,0.013728439581019446
2021-08-04,99243.59,-756.4100000000035,0.011385096601634717
2021-08-05,99243.59,-756.4100000000035,0.011385096601634717
2021-08-06,99243.59,-756.4100000000035,0.011385096601634717
2021-08-09,99243.59,-756.4100000000035,0.011385096601634717
2021-08-10,99243.59,-756.4100000000035,0.011385096601634717
2021-08-11,99243.59,-756.4100000000035,0.011385096601634717
2021-08-12,99243.59,-756.4100000000035,0.011385096601634717
2021-08-13,99243.59,-756.4100000000035,0.011385096601634717
2021-08-16,99243.59,-756.4100000000035,0.011385096601634717
2021-08-17,99243.59,-756.4100000000035,0.011385096601634717
2021-08-18,99243.59,-756.4100000000035,0.011385096601634717
2021-08-19,99243.59,-756.4100000000035,0.011385096601634717
2021-08-20,99243.59,-756.4100000000035,0.011385096601634717
2021-08-23,99243.59,-756.4100000000035,0.011385096601634717
2021-08-24,99243.59,-756.4100000000035,0.011385096601634717
2021-08-25,99238.59,-761.4100000000035,0.01143490409567027
2021-08-26,99405.54,-594.4600000000064,0.009771831869823198
2021-08-27,99326.04,-673.9600000000064,0.010563771024988483
2021-08-30,99180.59,-819.4100000000035,0.01201267102648268
2021-08-31,99175.59,-824.4100000000035,0.012062478520518232
2021-09-01,98972.9,-1027.1000000000058,0.014081574713731487
2021-09-02,98972.9,-1027.1000000000058,0.014081574713731487
2021-09-03,98972.9,-1027.1000000000058,0.014081574713731487
2021-09-06,98972.9,-1027.1000000000058,0.014081574713731487
2021-09-07,98972.9,-1027.1000000000058,0.014081574713731487
2021-09-08,98972.9,-1027.1000000000058,0.014081574713731487
2021-09-09,98972.9,-1027.1000000000058,0.014081574713731487
2021-09-10,98972.9,-1027.1000000000058,0.014081574713731487
2021-09-13,98972.9,-1027.1000000000058,0.014081574713731487
2021-09-14,98972.9,-1027.1000000000058,0.014081574713731487
2021-09-15,98972.9,-1027.1000000000058,0.014081574713731487
2021-09-16,98972.9,-1027.1000000000058,0.014081574713731487
2021-09-17,98972.9,-1027.1000000000058,0.014081574713731487
2021-09-20,98972.9,-1027.1000000000058,0.014081574713731487
2021-09-21,98972.9,-1027.1000000000058,0.014081574713731487
2021-09-22,98972.9,-1027.1000000000058,0.014081574713731487
2021-09-23,98972.9,-1027.1000000000058,0.014081574713731487
2021-09-24,98972.9,-1027.1000000000058,0.014081574713731487
2021-09-27,98972.9,-1027.1000000000058,0.014081574713731487
2021-09-28,98972.9,-1027.1000000000058,0.014081574713731487
2021-09-29,98972.9,-1027.1000000000058,0.014081574713731487
2021-09-30,98972.9,-1027.1000000000058,0.014081574713731487
2021-10-01,98972.9,-1027.1000000000058,0.014081574713731487
2021-10-04,98972.9,-1027.1000000000058,0.014081574713731487
2021-10-05,98972.9,-1027.1000000000058,0.014081574713731487
2021-10-06,98972.9,-1027.1000000000058,0.014081574713731487
2021-10-07,98972.9,-1027.1000000000058,0.014081574713731487
2021-10-08,98972.9,-1027.1000000000058,0.014081574713731487
2021-10-11,98972.9,-1027.1000000000058,0.014081574713731487
2021-10-12,98972.9,-1027.1000000000058,0.014081574713731487
2021-10-13,98972.9,-1027.1000000000058,0.014081574713731487
2021-10-14,98972.9,-1027.1000000000058,0.014081574713731487
2021-10-15,98972.9,-1027.1000000000058,0.014081574713731487
2021-10-18,98972.9,-1027.1000000000058,0.014081574713731487
2021-10-19,98972.9,-1027.1000000000058,0.014081574713731487
2021-10-20,98972.9,-1027.1000000000058,0.014081574713731487
2021-10-21,98972.9,-1027.1000000000058,0.014081574713731487
2021-10-22,98972.9,-1027.1000000000058,0.014081574713731487
2021-10-25,98972.9,-1027.1000000000058,0.014081574713731487
2021-10-26,98972.9,-1027.1000000000058,0.014081574713731487
2021-10-27,98972.9,-1027.1000000000058,0.014081574713731487
2021-10-28,98972.9,-1027.1000000000058,0.014081574713731487
2021-10-29,98967.9,-1032.1000000000058,0.01413138220776704
2021-11-01,98994.69,-1005.3099999999977,0.013864513654724466
2021-11-02,99255.54000000001,-744.4599999999919,0.01126605669088963
2021-11-03,99053.91,-946.0899999999965,0.01327459369536737
2021-11-04,98765.97,-1234.0299999999988,0.016142907661886797
2021-11-05,98765.97,-1234.0299999999988,0.016142907661886797
2021-11-08,98765.97,-1234.0299999999988,0.016142907661886797
2021-11-09,98765.97,-1234.0299999999988,0.016142907661886797
2021-11-10,98765.97,-1234.0299999999988,0.016142907661886797
2021-11-11,98765.97,-1234.0299999999988,0.016142907661886797
2021-11-12,98765.97,-1234.0299999999988,0.016142907661886797
2021-11-15,98765.97,-1234.0299999999988,0.016142907661886797
2021-11-16,98765.97,-1234.0299999999988,0.016142907661886797
2021-11-17,98765.97,-1234.0299999999988,0.016142907661886797
2021-11-18,98765.97,-1234.0299999999988,0.016142907661886797
2021-11-19,98765.97,-1234.0299999999988,0.016142907661886797
2021-11-22,98765.97,-1234.0299999999988,0.016142907661886797
2021-11-23,98765.97,-1234.0299999999988,0.016142907661886797
2021-11-24,98765.97,-1234.0299999999988,0.016142907661886797
2021-11-25,98765.97,-1234.0299999999988,0.016142907661886797
2021-11-26,98765.97,-1234.0299999999988,0.016142907661886797
2021-11-29,98765.97,-1234.0299999999988,0.016142907661886797
2021-11-30,98765.97,-1234.0299999999988,0.016142907661886797
2021-12-01,98765.97,-1234.0299999999988,0.016142907661886797
2021-12-02,98765.97,-1234.0299999999988,0.016142907661886797
2021-12-03,98765.97,-1234.0299999999988,0.016142907661886797
2021-12-06,98765.97,-1234.0299999999988,0.016142907661886797
2021-12-07,98765.97,-1234.0299999999988,0.016142907661886797
2021-12-08,98765.97,-1234.0299999999988,0.016142907661886797
2021-12-09,98765.97,-1234.0299999999988,0.016142907661886797
2021-12-10,98765.97,-1234.0299999999988,0.016142907661886797
2021-12-13,98765.97,-1234.0299999999988,0.016142907661886797
2021-12-14,98765.97,-1234.0299999999988,0.016142907661886797
2021-12-15,98760.97,-1239.0299999999988,0.016192715155922348
2021-12-16,98560.97,-1439.0299999999988,0.018185014917344453
2021-12-17,98560.97,-1439.0299999999988,0.018185014917344453
2021-12-20,98560.97,-1439.0299999999988,0.018185014917344453
2021-12-21,98560.97,-1439.0299999999988,0.018185014917344453
2021-12-22,98560.97,-1439.0299999999988,0.018185014917344453
2021-12-23,98560.97,-1439.0299999999988,0.018185014917344453
2021-12-24,98560.97,-1439.0299999999988,0.018185014917344453
2021-12-27,98560.97,-1439.0299999999988,0.018185014917344453
2021-12-28,98560.97,-1439.0299999999988,0.018185014917344453
2021-12-29,98560.97,-1439.0299999999988,0.018185014917344453
2021-12-30,98560.97,-1439.0299999999988,0.018185014917344453
2021-12-31,98560.97,-1439.0299999999988,0.018185014917344453
2022-01-03,98560.97,-1439.0299999999988,0.018185014917344453
2022-01-04,98560.97,-1439.0299999999988,0.018185014917344453
2022-01-05,98560.97,-1439.0299999999988,0.018185014917344453
2022-01-06,98560.97,-1439.0299999999988,0.018185014917344453
2022-01-07,98560.97,-1439.0299999999988,0.018185014917344453
2022-01-10,98560.97,-1439.0299999999988,0.018185014917344453
2022-01-11,98560.97,-1439.0299999999988,0.018185014917344453
2022-01-12,98560.97,-1439.0299999999988,0.018185014917344453
2022-01-13,98560.97,-1439.0299999999988,0.018185014917344453
2022-01-14,98560.97,-1439.0299999999988,0.018185014917344453
2022-01-17,98560.97,-1439.0299999999988,0.018185014917344453
2022-01-18,98560.97,-1439.0299999999988,0.018185014917344453
2022-01-19,98560.97,-1439.0299999999988,0.018185014917344453
2022-01-20,98560.97,-1439.0299999999988,0.018185014917344453
2022-01-21,98560.97,-1439.0299999999988,0.018185014917344453
2022-01-24,98560.97,-1439.0299999999988,0.018185014917344453
2022-01-25,98560.97,-1439.0299999999988,0.018185014917344453
2022-01-26,98560.97,-1439.0299999999988,0.018185014917344453
2022-01-27,98560.97,-1439.0299999999988,0.018185014917344453
2022-01-28,98560.97,-1439.0299999999988,0.018185014917344453
2022-01-31,98560.97,-1439.0299999999988,0.018185014917344453
2022-02-01,98560.97,-1439.0299999999988,0.018185014917344453
2022-02-02,98560.97,-1439.0299999999988,0.018185014917344453
2022-02-03,98560.97,-1439.0299999999988,0.018185014917344453
2022-02-04,98560.97,-1439.0299999999988,0.018185014917344453
2022-02-07,98560.97,-1439.0299999999988,0.018185014917344453
2022-02-08,98560.97,-1439.0299999999988,0.018185014917344453
2022-02-09,98560.97,-1439.0299999999988,0.018185014917344453
2022-02-10,98560.97,-1439.0299999999988,0.018185014917344453
2022-02-11,98560.97,-1439.0299999999988,0.018185014917344453
2022-02-14,98560.97,-1439.0299999999988,0.018185014917344453
2022-02-15,98560.97,-1439.0299999999988,0.018185014917344453
2022-02-16,98560.97,-1439.0299999999988,0.018185014917344453
2022-02-17,98560.97,-1439.0299999999988,0.018185014917344453
2022-02-18,98560.97,-1439.0299999999988,0.018185014917344453
2022-02-21,98560.97,-1439.0299999999988,0.018185014917344453
2022-02-22,98560.97,-1439.0299999999988,0.018185014917344453
2022-02-23,98560.97,-1439.0299999999988,0.018185014917344453
2022-02-24,98560.97,-1439.0299999999988,0.018185014917344453
2022-02-25,98560.97,-1439.0299999999988,0.018185014917344453
2022-02-28,98560.97,-1439.0299999999988,0.018185014917344453
2022-03-01,98560.97,-1439.0299999999988,0.018185014917344453
2022-03-02,98560.97,-1439.0299999999988,0.018185014917344453
2022-03-03,98560.97,-1439.0299999999988,0.018185014917344453
2022-03-04,98560.97,-1439.0299999999988,0.018185014917344453
2022-03-07,98560.97,-1439.0299999999988,0.018185014917344453
2022-03-08,98560.97,-1439.0299999999988,0.018185014917344453
2022-03-09,98560.97,-1439.0299999999988,0.018185014917344453
2022-03-10,98560.97,-1439.0299999999988,0.018185014917344453
2022-03-11,98560.97,-1439.0299999999988,0.018185014917344453
2022-03-14,98560.97,-1439.0299999999988,0.018185014917344453
2022-03-15,98560.97,-1439.0299999999988,0.018185014917344453
2022-03-16,98560.97,-1439.0299999999988,0.018185014917344453
2022-03-17,98560.97,-1439.0299999999988,0.018185014917344453
2022-03-18,98560.97,-1439.0299999999988,0.018185014917344453
2022-03-21,98560.97,-1439.0299999999988,0.018185014917344453
2022-03-22,98560.97,-1439.0299999999988,0.018185014917344453
2022-03-23,98560.97,-1439.0299999999988,0.018185014917344453
2022-03-24,98560.97,-1439.0299999999988,0.018185014917344453
2022-03-25,98560.97,-1439.0299999999988,0.018185014917344453
2022-03-28,98560.97,-1439.0299999999988,0.018185014917344453
2022-03-29,98560.97,-1439.0299999999988,0.018185014917344453
2022-03-30,98560.97,-1439.0299999999988,0.018185014917344453
2022-03-31,98555.97,-1444.0299999999988,0.018234822411380004
2022-04-01,98356.37999999999,-1643.62000000001,0.020223037958291303
2022-04-04,98356.37999999999,-1643.62000000001,0.020223037958291303
2022-04-05,98356.37999999999,-1643.62000000001,0.020223037958291303
2022-04-06,98356.37999999999,-1643.62000000001,0.020223037958291303
2022-04-07,98356.37999999999,-1643.62000000001,0.020223037958291303
2022-04-08,98356.37999999999,-1643.62000000001,0.020223037958291303
2022-04-11,98356.37999999999,-1643.62000000001,0.020223037958291303
2022-04-12,98356.37999999999,-1643.62000000001,0.020223037958291303
2022-04-13,98356.37999999999,-1643.62000000001,0.020223037958291303
2022-04-14,98351.37999999999,-1648.62000000001,0.020272845452326854
2022-04-15,98408.70999999999,-1591.2900000000081,0.019701752725715192
2022-04-18,98351.37999999999,-1648.62000000001,0.020272845452326854
2022-04-19,98272.03999999998,-1727.960000000021,0.021063190767683114
2022-04-20,98272.03999999998,-1727.960000000021,0.021063190767683114
2022-04-21,98272.03999999998,-1727.960000000021,0.021063190767683114
2022-04-22,98272.03999999998,-1727.960000000021,0.021063190767683114
2022-04-25,98272.03999999998,-1727.960000000021,0.021063190767683114
2022-04-26,98272.03999999998,-1727.960000000021,0.021063190767683114
2022-04-27,98272.03999999998,-1727.960000000021,0.021063190767683114
2022-04-28,98272.03999999998,-1727.960000000021,0.021063190767683114
2022-04-29,98272.03999999998,-1727.960000000021,0.021063190767683114
2022-05-02,98272.03999999998,-1727.960000000021,0.021063190767683114
2022-05-03,98272.03999999998,-1727.960000000021,0.021063190767683114
2022-05-04,98272.03999999998,-1727.960000000021,0.021063190767683114
2022-05-05,98272.03999999998,-1727.960000000021,0.021063190767683114
2022-05-06,98272.03999999998,-1727.960000000021,0.021063190767683114
2022-05-09,98272.03999999998,-1727.960000000021,0.021063190767683114
2022-05-10,98272.03999999998,-1727.960000000021,0.021063190767683114
2022-05-11,98272.03999999998,-1727.960000000021,0.021063190767683114
2022-05-12,98272.03999999998,-1727.960000000021,0.021063190767683114
2022-05-13,98272.03999999998,-1727.960000000021,0.021063190767683114
2022-05-16,98272.03999999998,-1727.960000000021,0.021063190767683114
2022-05-17,98272.03999999998,-1727.960000000021,0.021063190767683114
2022-05-18,98272.03999999998,-1727.960000000021,0.021063190767683114
2022-05-19,98272.03999999998,-1727.960000000021,0.021063190767683114
2022-05-20,98272.03999999998,-1727.960000000021,0.021063190767683114
2022-05-23,98272.03999999998,-1727.960000000021,0.021063190767683114
2022-05-24,98272.03999999998,-1727.960000000021,0.021063190767683114
2022-05-25,98272.03999999998,-1727.960000000021,0.021063190767683114
2022-05-26,98272.03999999998,-1727.960000000021,0.021063190767683114
2022-05-27,98272.03999999998,-1727.960000000021,0.021063190767683114
2022-05-30,98272.03999999998,-1727.960000000021,0.021063190767683114
2022-05-31,98272.03999999998,-1727.960000000021,0.021063190767683114
2022-06-01,98272.03999999998,-1727.960000000021,0.021063190767683114
2022-06-02,98272.03999999998,-1727.960000000021,0.021063190767683114
2022-06-03,98272.03999999998,-1727.960000000021,0.021063190767683114
2022-06-06,98272.03999999998,-1727.960000000021,0.021063190767683114
2022-06-07,98272.03999999998,-1727.960000000021,0.021063190767683114
2022-06-08,98272.03999999998,-1727.960000000021,0.021063190767683114
2022-06-09,98272.03999999998,-1727.960000000021,0.021063190767683114
2022-06-10,98272.03999999998,-1727.960000000021,0.021063190767683114
2022-06-13,98272.03999999998,-1727.960000000021,0.021063190767683114
2022-06-14,98272.03999999998,-1727.960000000021,0.021063190767683114
2022-06-15,98272.03999999998,-1727.960000000021,0.021063190767683114
2022-06-16,98272.03999999998,-1727.960000000021,0.021063190767683114
2022-06-17,98272.03999999998,-1727.960000000021,0.021063190767683114
2022-06-20,98272.03999999998,-1727.960000000021,0.021063190767683114
2022-06-21,98272.03999999998,-1727.960000000021,0.021063190767683114
2022-06-22,98272.03999999998,-1727.960000000021,0.021063190767683114
2022-06-23,98272.03999999998,-1727.960000000021,0.021063190767683114
2022-06-24,98272.03999999998,-1727.960000000021,0.021063190767683114
2022-06-27,98272.03999999998,-1727.960000000021,0.021063190767683114
2022-06-28,98272.03999999998,-1727.960000000021,0.021063190767683114
2022-06-29,98272.03999999998,-1727.960000000021,0.021063190767683114
2022-06-30,98272.03999999998,-1727.960000000021,0.021063190767683114
2022-07-01,98272.03999999998,-1727.960000000021,0.021063190767683114
2022-07-04,98272.03999999998,-1727.960000000021,0.021063190767683114
2022-07-05,98272.03999999998,-1727.960000000021,0.021063190767683114
2022-07-06,98272.03999999998,-1727.960000000021,0.021063190767683114
2022-07-07,98272.03999999998,-1727.960000000021,0.021063190767683114
2022-07-08,98272.03999999998,-1727.960000000021,0.021063190767683114
2022-07-11,98272.03999999998,-1727.960000000021,0.021063190767683114
2022-07-12,98272.03999999998,-1727.960000000021,0.021063190767683114
2022-07-13,98272.03999999998,-1727.960000000021,0.021063190767683114
2022-07-14,98272.03999999998,-1727.960000000021,0.021063190767683114
2022-07-15,98272.03999999998,-1727.960000000021,0.021063190767683114
2022-07-18,98272.03999999998,-1727.960000000021,0.021063190767683114
2022-07-19,98272.03999999998,-1727.960000000021,0.021063190767683114
2022-07-20,98272.03999999998,-1727.960000000021,0.021063190767683114
2022-07-21,98272.03999999998,-1727.960000000021,0.021063190767683114
2022-07-22,98272.03999999998,-1727.960000000021,0.021063190767683114
2022-07-25,98272.03999999998,-1727.960000000021,0.021063190767683114
2022-07-26,98272.03999999998,-1727.960000000021,0.021063190767683114
2022-07-27,98272.03999999998,-1727.960000000021,0.021063190767683114
2022-07-28,98272.03999999998,-1727.960000000021,0.021063190767683114
2022-07-29,98272.03999999998,-1727.960000000021,0.021063190767683114
2022-08-01,98272.03999999998,-1727.960000000021,0.021063190767683114
2022-08-02,98272.03999999998,-1727.960000000021,0.021063190767683114
2022-08-03,98272.03999999998,-1727.960000000021,0.021063190767683114
2022-08-04,98272.03999999998,-1727.960000000021,0.021063190767683114
2022-08-05,98272.03999999998,-1727.960000000021,0.021063190767683114
2022-08-08,98272.03999999998,-1727.960000000021,0.021063190767683114
2022-08-09,98272.03999999998,-1727.960000000021,0.021063190767683114
2022-08-10,98272.03999999998,-1727.960000000021,0.021063190767683114
2022-08-11,98272.03999999998,-1727.960000000021,0.021063190767683114
2022-08-12,98272.03999999998,-1727.960000000021,0.021063190767683114
2022-08-15,98272.03999999998,-1727.960000000021,0.021063190767683114
2022-08-16,98272.03999999998,-1727.960000000021,0.021063190767683114
2022-08-17,98272.03999999998,-1727.960000000021,0.021063190767683114
2022-08-18,98272.03999999998,-1727.960000000021,0.021063190767683114
2022-08-19,98272.03999999998,-1727.960000000021,0.021063190767683114
2022-08-22,98272.03999999998,-1727.960000000021,0.021063190767683114
2022-08-23,98272.03999999998,-1727.960000000021,0.021063190767683114
2022-08-24,98272.03999999998,-1727.960000000021,0.021063190767683114
2022-08-25,98272.03999999998,-1727.960000000021,0.021063190767683114
2022-08-26,98272.03999999998,-1727.960000000021,0.021063190767683114
2022-08-29,98272.03999999998,-1727.960000000021,0.021063190767683114
2022-08-30,98267.03999999998,-1732.960000000021,0.02111299826171867
2022-08-31,98238.47999999998,-1761.5200000000186,0.02139749866764972
2022-09-01,98068.27999999997,-1931.7200000000303,0.023092945764620045
2022-09-02,98063.27999999997,-1936.7200000000303,0.0231427532586556
2022-09-05,98110.57999999997,-1889.4200000000274,0.02267157436507924
2022-09-06,98117.17999999998,-1882.8200000000215,0.022605828472952255
2022-09-07,98117.17999999998,-1882.8200000000215,0.022605828472952255
2022-09-08,98150.72999999997,-1849.2700000000332,0.022271620187973813
2022-09-09,98133.12999999998,-1866.8700000000244,0.02244694256697887
2022-09-12,98047.32999999997,-1952.6700000000274,0.023301639164628983
2022-09-13,97958.17999999998,-2041.8200000000215,0.024189706783282826
2022-09-14,97958.17999999998,-2041.8200000000215,0.024189706783282826
2022-09-15,97958.17999999998,-2041.8200000000215,0.024189706783282826
2022-09-16,97958.17999999998,-2041.8200000000215,0.024189706783282826
2022-09-19,97958.17999999998,-2041.8200000000215,0.024189706783282826
2022-09-20,97958.17999999998,-2041.8200000000215,0.024189706783282826
2022-09-21,97953.17999999998,-2046.8200000000215,0.02423951427731838
2022-09-22,97752.17999999998,-2247.8200000000215,0.026241775537547595
2022-09-23,97752.17999999998,-2247.8200000000215,0.026241775537547595
2022-09-26,97747.17999999998,-2252.8200000000215,0.026291583031583146
2022-09-27,97549.12999999998,-2450.8700000000244,0.028264457870331414
2022-09-28,97549.12999999998,-2450.8700000000244,0.028264457870331414
2022-09-29,97549.12999999998,-2450.8700000000244,0.028264457870331414
2022-09-30,97549.12999999998,-2450.8700000000244,0.028264457870331414
2022-10-03,97549.12999999998,-2450.8700000000244,0.028264457870331414
2022-10-04,97549.12999999998,-2450.8700000000244,0.028264457870331414
2022-10-05,97549.12999999998,-2450.8700000000244,0.028264457870331414
2022-10-06,97549.12999999998,-2450.8700000000244,0.028264457870331414
2022-10-07,97544.12999999998,-2455.8700000000244,0.028314265364366965
2022-10-10,97668.38999999997,-2331.6100000000297,0.027076449522595466
2022-10-11,97504.79999999997,-2495.200000000026,0.02870605111245064
2022-10-12,97345.32999999997,-2654.6700000000274,0.030294611327220566
2022-10-13,97345.32999999997,-2654.6700000000274,0.030294611327220566
2022-10-14,97345.32999999997,-2654.6700000000274,0.030294611327220566
2022-10-17,97345.32999999997,-2654.6700000000274,0.030294611327220566
2022-10-18,97345.32999999997,-2654.6700000000274,0.030294611327220566
2022-10-19,97345.32999999997,-2654.6700000000274,0.030294611327220566
2022-10-20,97345.32999999997,-2654.6700000000274,0.030294611327220566
2022-10-21,97345.32999999997,-2654.6700000000274,0.030294611327220566
2022-10-24,97345.32999999997,-2654.6700000000274,0.030294611327220566
2022-10-25,97345.32999999997,-2654.6700000000274,0.030294611327220566
2022-10-26,97345.32999999997,-2654.6700000000274,0.030294611327220566
2022-10-27,97345.32999999997,-2654.6700000000274,0.030294611327220566
2022-10-28,97345.32999999997,-2654.6700000000274,0.030294611327220566
2022-10-31,97345.32999999997,-2654.6700000000274,0.030294611327220566
2022-11-01,97345.32999999997,-2654.6700000000274,0.030294611327220566
2022-11-02,97345.32999999997,-2654.6700000000274,0.030294611327220566
2022-11-03,97345.32999999997,-2654.6700000000274,0.030294611327220566
2022-11-04,97345.32999999997,-2654.6700000000274,0.030294611327220566
2022-11-07,97345.32999999997,-2654.6700000000274,0.030294611327220566
2022-11-08,97345.32999999997,-2654.6700000000274,0.030294611327220566
2022-11-09,97345.32999999997,-2654.6700000000274,0.030294611327220566
2022-11-10,97345.32999999997,-2654.6700000000274,0.030294611327220566
2022-11-11,97345.32999999997,-2654.6700000000274,0.030294611327220566
2022-11-14,97345.32999999997,-2654.6700000000274,0.030294611327220566
2022-11-15,97345.32999999997,-2654.6700000000274,0.030294611327220566
2022-11-16,97345.32999999997,-2654.6700000000274,0.030294611327220566
2022-11-17,97345.32999999997,-2654.6700000000274,0.030294611327220566
2022-11-18,97345.32999999997,-2654.6700000000274,0.030294611327220566
2022-11-21,97345.32999999997,-2654.6700000000274,0.030294611327220566
2022-11-22,97345.32999999997,-2654.6700000000274,0.030294611327220566
2022-11-23,97345.32999999997,-2654.6700000000274,0.030294611327220566
2022-11-24,97345.32999999997,-2654.6700000000274,0.030294611327220566
2022-11-25,97345.32999999997,-2654.6700000000274,0.030294611327220566
2022-11-28,97340.32999999997,-2659.6700000000274,0.03034441882125612
2022-11-29,97368.82999999997,-2631.1700000000274,0.030060516105253468
2022-11-30,97396.18999999997,-2603.810000000027,0.02978796949789092
2022-12-01,97345.45999999998,-2654.5400000000227,0.030293316332375596
2022-12-02,97337.47999999998,-2662.5200000000186,0.030372809092856296
2022-12-05,97386.49999999997,-2613.500000000029,0.029884496421331844
2022-12-06,97143.80999999997,-2856.1900000000314,0.03230205256682952
2022-12-07,97143.80999999997,-2856.1900000000314,0.03230205256682952
2022-12-08,97143.80999999997,-2856.1900000000314,0.03230205256682952
2022-12-09,97143.80999999997,-2856.1900000000314,0.03230205256682952
2022-12-12,97143.80999999997,-2856.1900000000314,0.03230205256682952
2022-12-13,97143.80999999997,-2856.1900000000314,0.03230205256682952
2022-12-14,97143.80999999997,-2856.1900000000314,0.03230205256682952
2022-12-15,97143.80999999997,-2856.1900000000314,0.03230205256682952
2022-12-16,97143.80999999997,-2856.1900000000314,0.03230205256682952
2022-12-19,97143.80999999997,-2856.1900000000314,0.03230205256682952
2022-12-20,97143.80999999997,-2856.1900000000314,0.03230205256682952
2022-12-21,97143.80999999997,-2856.1900000000314,0.03230205256682952
2022-12-22,97143.80999999997,-2856.1900000000314,0.03230205256682952
2022-12-23,97143.80999999997,-2856.1900000000314,0.03230205256682952
2022-12-26,97143.80999999997,-2856.1900000000314,0.03230205256682952
2022-12-27,97143.80999999997,-2856.1900000000314,0.03230205256682952
2022-12-28,97143.80999999997,-2856.1900000000314,0.03230205256682952
2022-12-29,97143.80999999997,-2856.1900000000314,0.03230205256682952
2022-12-30,97143.80999999997,-2856.1900000000314,0.03230205256682952
2023-01-02,97143.80999999997,-2856.1900000000314,0.03230205256682952
2023-01-03,97143.80999999997,-2856.1900000000314,0.03230205256682952
2023-01-04,97143.80999999997,-2856.1900000000314,0.03230205256682952
2023-01-05,97143.80999999997,-2856.1900000000314,0.03230205256682952
2023-01-06,97143.80999999997,-2856.1900000000314,0.03230205256682952
2023-01-09,97143.80999999997,-2856.1900000000314,0.03230205256682952
2023-01-10,97143.80999999997,-2856.1900000000314,0.03230205256682952
2023-01-11,97143.80999999997,-2856.1900000000314,0.03230205256682952
2023-01-12,97143.80999999997,-2856.1900000000314,0.03230205256682952
2023-01-13,97143.80999999997,-2856.1900000000314,0.03230205256682952
2023-01-16,97143.80999999997,-2856.1900000000314,0.03230205256682952
2023-01-17,97143.80999999997,-2856.1900000000314,0.03230205256682952
2023-01-18,97143.80999999997,-2856.1900000000314,0.03230205256682952
2023-01-19,97143.80999999997,-2856.1900000000314,0.03230205256682952
2023-01-20,97143.80999999997,-2856.1900000000314,0.03230205256682952
2023-01-23,97143.80999999997,-2856.1900000000314,0.03230205256682952
2023-01-24,97138.80999999997,-2861.1900000000314,0.03235186006086507
2023-01-25,97174.76999999996,-2825.2300000000396,0.031993644563761456
2023-01-26,96942.22999999997,-3057.770000000033,0.03431009149636687
2023-01-27,96942.22999999997,-3057.770000000033,0.03431009149636687
2023-01-30,96942.22999999997,-3057.770000000033,0.03431009149636687
2023-01-31,96942.22999999997,-3057.770000000033,0.03431009149636687
2023-02-01,96942.22999999997,-3057.770000000033,0.03431009149636687
2023-02-02,96942.22999999997,-3057.770000000033,0.03431009149636687
2023-02-03,96942.22999999997,-3057.770000000033,0.03431009149636687
2023-02-06,96942.22999999997,-3057.770000000033,0.03431009149636687
2023-02-07,96942.22999999997,-3057.770000000033,0.03431009149636687
2023-02-08,96942.22999999997,-3057.770000000033,0.03431009149636687
2023-02-09,96942.22999999997,-3057.770000000033,0.03431009149636687
2023-02-10,96942.22999999997,-3057.770000000033,0.03431009149636687
2023-02-13,96942.22999999997,-3057.770000000033,0.03431009149636687
2023-02-14,96942.22999999997,-3057.770000000033,0.03431009149636687
2023-02-15,96942.22999999997,-3057.770000000033,0.03431009149636687
2023-02-16,96942.22999999997,-3057.770000000033,0.03431009149636687
2023-02-17,96942.22999999997,-3057.770000000033,0.03431009149636687
2023-02-20,96942.22999999997,-3057.770000000033,0.03431009149636687
2023-02-21,96942.22999999997,-3057.770000000033,0.03431009149636687
2023-02-22,96942.22999999997,-3057.770000000033,0.03431009149636687
2023-02-23,96942.22999999997,-3057.770000000033,0.03431009149636687
2023-02-24,96942.22999999997,-3057.770000000033,0.03431009149636687
2023-02-27,96942.22999999997,-3057.770000000033,0.03431009149636687
2023-02-28,96942.22999999997,-3057.770000000033,0.03431009149636687
2023-03-01,96937.22999999997,-3062.770000000033,0.03435989899040243
2023-03-02,97035.83999999997,-2964.1600000000326,0.03337759559303325
2023-03-03,97130.45999999998,-2869.5400000000227,0.03243503857590436
2023-03-06,97318.11999999997,-2681.8800000000338,0.030565663709762107
2023-03-07,97318.11999999997,-2681.8800000000338,0.030565663709762107
2023-03-08,97318.11999999997,-2681.8800000000338,0.030565663709762107
2023-03-09,97318.11999999997,-2681.8800000000338,0.030565663709762107
2023-03-10,97318.11999999997,-2681.8800000000338,0.030565663709762107
2023-03-13,97318.11999999997,-2681.8800000000338,0.030565663709762107
2023-03-14,97318.11999999997,-2681.8800000000338,0.030565663709762107
2023-03-15,97318.11999999997,-2681.8800000000338,0.030565663709762107
2023-03-16,97318.11999999997,-2681.8800000000338,0.030565663709762107
2023-03-17,97318.11999999997,-2681.8800000000338,0.030565663709762107
2023-03-20,97318.11999999997,-2681.8800000000338,0.030565663709762107
2023-03-21,97318.11999999997,-2681.8800000000338,0.030565663709762107
2023-03-22,97318.11999999997,-2681.8800000000338,0.030565663709762107
2023-03-23,97318.11999999997,-2681.8800000000338,0.030565663709762107
2023-03-24,97318.11999999997,-2681.8800000000338,0.030565663709762107
2023-03-27,97318.11999999997,-2681.8800000000338,0.030565663709762107
2023-03-28,97318.11999999997,-2681.8800000000338,0.030565663709762107
2023-03-29,97318.11999999997,-2681.8800000000338,0.030565663709762107
2023-03-30,97318.11999999997,-2681.8800000000338,0.030565663709762107
2023-03-31,97318.11999999997,-2681.8800000000338,0.030565663709762107
2023-04-03,97318.11999999997,-2681.8800000000338,0.030565663709762107
2023-04-04,97318.11999999997,-2681.8800000000338,0.030565663709762107
2023-04-05,97318.11999999997,-2681.8800000000338,0.030565663709762107
2023-04-06,97313.11999999997,-2686.8800000000338,0.03061547120379766
2023-04-07,97116.41999999997,-2883.580000000031,0.03257489801915627
2023-04-10,97116.41999999997,-2883.580000000031,0.03257489801915627
2023-04-11,97116.41999999997,-2883.580000000031,0.03257489801915627
2023-04-12,97116.41999999997,-2883.580000000031,0.03257489801915627
2023-04-13,97116.41999999997,-2883.580000000031,0.03257489801915627
2023-04-14,97116.41999999997,-2883.580000000031,0.03257489801915627
2023-04-17,97116.41999999997,-2883.580000000031,0.03257489801915627
2023-04-18,97116.41999999997,-2883.580000000031,0.03257489801915627
2023-04-19,97116.41999999997,-2883.580000000031,0.03257489801915627
2023-04-20,97116.41999999997,-2883.580000000031,0.03257489801915627
2023-04-21,97116.41999999997,-2883.580000000031,0.03257489801915627
2023-04-24,97116.41999999997,-2883.580000000031,0.03257489801915627
2023-04-25,97116.41999999997,-2883.580000000031,0.03257489801915627
2023-04-26,97116.41999999997,-2883.580000000031,0.03257489801915627
2023-04-27,97116.41999999997,-2883.580000000031,0.03257489801915627
2023-04-28,97116.41999999997,-2883.580000000031,0.03257489801915627
2023-05-01,97116.41999999997,-2883.580000000031,0.03257489801915627
2023-05-02,97116.41999999997,-2883.580000000031,0.03257489801915627
2023-05-03,97116.41999999997,-2883.580000000031,0.03257489801915627
2023-05-04,97116.41999999997,-2883.580000000031,0.03257489801915627
2023-05-05,97116.41999999997,-2883.580000000031,0.03257489801915627
2023-05-08,97116.41999999997,-2883.580000000031,0.03257489801915627
2023-05-09,97116.41999999997,-2883.580000000031,0.03257489801915627
2023-05-10,97116.41999999997,-2883.580000000031,0.03257489801915627
2023-05-11,97116.41999999997,-2883.580000000031,0.03257489801915627
2023-05-12,97116.41999999997,-2883.580000000031,0.03257489801915627
2023-05-15,97116.41999999997,-2883.580000000031,0.03257489801915627
2023-05-16,97111.41999999997,-2888.580000000031,0.03262470551319182
2023-05-17,96972.41999999997,-3027.580000000031,0.034009353847380186
2023-05-18,96967.41999999997,-3032.580000000031,0.034059161341415733
2023-05-19,96945.41999999997,-3054.580000000031,0.03427831431517217
2023-05-22,96939.91999999997,-3060.080000000031,0.03433310255861127
2023-05-23,97044.41999999997,-2955.580000000031,0.033292125933268225
2023-05-24,96771.41999999997,-3228.580000000031,0.0360116151076094
2023-05-25,96771.41999999997,-3228.580000000031,0.0360116151076094
2023-05-26,96771.41999999997,-3228.580000000031,0.0360116151076094
2023-05-29,96771.41999999997,-3228.580000000031,0.0360116151076094
2023-05-30,96771.41999999997,-3228.580000000031,0.0360116151076094
2023-05-31,96771.41999999997,-3228.580000000031,0.0360116151076094
2023-06-01,96771.41999999997,-3228.580000000031,0.0360116151076094
2023-06-02,96771.41999999997,-3228.580000000031,0.0360116151076094
2023-06-05,96771.41999999997,-3228.580000000031,0.0360116151076094
2023-06-06,96771.41999999997,-3228.580000000031,0.0360116151076094
2023-06-07,96771.41999999997,-3228.580000000031,0.0360116151076094
2023-06-08,96771.41999999997,-3228.580000000031,0.0360116151076094
2023-06-09,96771.41999999997,-3228.580000000031,0.0360116151076094
2023-06-12,96771.41999999997,-3228.580000000031,0.0360116151076094
2023-06-13,96771.41999999997,-3228.580000000031,0.0360116151076094
2023-06-14,96771.41999999997,-3228.580000000031,0.0360116151076094
2023-06-15,96771.41999999997,-3228.580000000031,0.0360116151076094
2023-06-16,96771.41999999997,-3228.580000000031,0.0360116151076094
2023-06-19,96771.41999999997,-3228.580000000031,0.0360116151076094
2023-06-20,96771.41999999997,-3228.580000000031,0.0360116151076094
2023-06-21,96766.41999999998,-3233.5800000000163,0.036061422601644806
2023-06-22,97053.93999999997,-2946.060000000027,0.033197292464624495
2023-06-23,96977.13999999997,-3022.8600000000297,0.03396233557301061
2023-06-26,96917.61999999998,-3082.380000000019,0.03455524398200972
2023-06-27,97142.05999999998,-2857.940000000017,0.032319485189741815
2023-06-28,97142.05999999998,-2857.940000000017,0.032319485189741815
2023-06-29,97142.05999999998,-2857.940000000017,0.032319485189741815
2023-06-30,97142.05999999998,-2857.940000000017,0.032319485189741815
2023-07-03,97142.05999999998,-2857.940000000017,0.032319485189741815
2023-07-04,97142.05999999998,-2857.940000000017,0.032319485189741815
2023-07-05,97142.05999999998,-2857.940000000017,0.032319485189741815
2023-07-06,97142.05999999998,-2857.940000000017,0.032319485189741815
2023-07-07,97142.05999999998,-2857.940000000017,0.032319485189741815
2023-07-10,97137.05999999998,-2862.940000000017,0.03236929268377737
2023-07-11,96940.23999999999,-3059.7600000000093,0.034329914878992784
2023-07-12,96940.23999999999,-3059.7600000000093,0.034329914878992784
2023-07-13,96940.23999999999,-3059.7600000000093,0.034329914878992784
2023-07-14,96940.23999999999,-3059.7600000000093,0.034329914878992784
2023-07-17,96940.23999999999,-3059.7600000000093,0.034329914878992784
2023-07-18,96940.23999999999,-3059.7600000000093,0.034329914878992784
2023-07-19,96940.23999999999,-3059.7600000000093,0.034329914878992784
2023-07-20,96940.23999999999,-3059.7600000000093,0.034329914878992784
2023-07-21,96940.23999999999,-3059.7600000000093,0.034329914878992784
2023-07-24,96940.23999999999,-3059.7600000000093,0.034329914878992784
2023-07-25,96940.23999999999,-3059.7600000000093,0.034329914878992784
2023-07-26,96940.23999999999,-3059.7600000000093,0.034329914878992784
2023-07-27,96940.23999999999,-3059.7600000000093,0.034329914878992784
2023-07-28,96940.23999999999,-3059.7600000000093,0.034329914878992784
2023-07-31,96940.23999999999,-3059.7600000000093,0.034329914878992784
2023-08-01,96940.23999999999,-3059.7600000000093,0.034329914878992784
2023-08-02,96940.23999999999,-3059.7600000000093,0.034329914878992784
2023-08-03,96940.23999999999,-3059.7600000000093,0.034329914878992784
2023-08-04,96940.23999999999,-3059.7600000000093,0.034329914878992784
2023-08-07,96940.23999999999,-3059.7600000000093,0.034329914878992784
2023-08-08,96940.23999999999,-3059.7600000000093,0.034329914878992784
2023-08-09,96940.23999999999,-3059.7600000000093,0.034329914878992784
2023-08-10,96940.23999999999,-3059.7600000000093,0.034329914878992784
2023-08-11,96940.23999999999,-3059.7600000000093,0.034329914878992784
2023-08-14,96940.23999999999,-3059.7600000000093,0.034329914878992784
2023-08-15,96940.23999999999,-3059.7600000000093,0.034329914878992784
2023-08-16,96940.23999999999,-3059.7600000000093,0.034329914878992784
2023-08-17,96940.23999999999,-3059.7600000000093,0.034329914878992784
2023-08-18,96940.23999999999,-3059.7600000000093,0.034329914878992784
2023-08-21,96940.23999999999,-3059.7600000000093,0.034329914878992784
2023-08-22,96940.23999999999,-3059.7600000000093,0.034329914878992784
2023-08-23,96940.23999999999,-3059.7600000000093,0.034329914878992784
2023-08-24,96940.23999999999,-3059.7600000000093,0.034329914878992784
2023-08-25,96940.23999999999,-3059.7600000000093,0.034329914878992784
2023-08-28,96940.23999999999,-3059.7600000000093,0.034329914878992784
2023-08-29,96940.23999999999,-3059.7600000000093,0.034329914878992784
2023-08-30,96940.23999999999,-3059.7600000000093,0.034329914878992784
2023-08-31,96940.23999999999,-3059.7600000000093,0.034329914878992784
2023-09-01,96940.23999999999,-3059.7600000000093,0.034329914878992784
2023-09-04,96940.23999999999,-3059.7600000000093,0.034329914878992784
2023-09-05,96940.23999999999,-3059.7600000000093,0.034329914878992784
2023-09-06,96940.23999999999,-3059.7600000000093,0.034329914878992784
2023-09-07,96940.23999999999,-3059.7600000000093,0.034329914878992784
2023-09-08,96940.23999999999,-3059.7600000000093,0.034329914878992784
2023-09-11,96940.23999999999,-3059.7600000000093,0.034329914878992784
2023-09-12,96940.23999999999,-3059.7600000000093,0.034329914878992784
2023-09-13,96940.23999999999,-3059.7600000000093,0.034329914878992784
2023-09-14,96940.23999999999,-3059.7600000000093,0.034329914878992784
2023-09-15,96940.23999999999,-3059.7600000000093,0.034329914878992784
2023-09-18,96940.23999999999,-3059.7600000000093,0.034329914878992784
2023-09-19,96940.23999999999,-3059.7600000000093,0.034329914878992784
2023-09-20,96940.23999999999,-3059.7600000000093,0.034329914878992784
2023-09-21,96935.23999999999,-3064.7600000000093,0.03437972237302834
2023-09-22,96940.35999999999,-3059.640000000014,0.034328719499135976
2023-09-25,96740.15999999999,-3259.840000000011,0.036323011560319474
2023-09-26,96740.15999999999,-3259.840000000011,0.036323011560319474
2023-09-27,96740.15999999999,-3259.840000000011,0.036323011560319474
2023-09-28,96740.15999999999,-3259.840000000011,0.036323011560319474
2023-09-29,96740.15999999999,-3259.840000000011,0.036323011560319474
2023-10-02,96740.15999999999,-3259.840000000011,0.036323011560319474
2023-10-03,96740.15999999999,-3259.840000000011,0.036323011560319474
2023-10-04,96740.15999999999,-3259.840000000011,0.036323011560319474
2023-10-05,96740.15999999999,-3259.840000000011,0.036323011560319474
2023-10-06,96740.15999999999,-3259.840000000011,0.036323011560319474
2023-10-09,96740.15999999999,-3259.840000000011,0.036323011560319474
2023-10-10,96740.15999999999,-3259.840000000011,0.036323011560319474
2023-10-11,96740.15999999999,-3259.840000000011,0.036323011560319474
2023-10-12,96740.15999999999,-3259.840000000011,0.036323011560319474
2023-10-13,96735.16,-3264.8399999999965,0.03637281905435488
2023-10-16,96542.0,-3458.0,0.038296982163936386
2023-10-17,96542.0,-3458.0,0.038296982163936386
2023-10-18,96542.0,-3458.0,0.038296982163936386
2023-10-19,96542.0,-3458.0,0.038296982163936386
2023-10-20,96542.0,-3458.0,0.038296982163936386
2023-10-23,96542.0,-3458.0,0.038296982163936386
2023-10-24,96542.0,-3458.0,0.038296982163936386
2023-10-25,96542.0,-3458.0,0.038296982163936386
2023-10-26,96542.0,-3458.0,0.038296982163936386
2023-10-27,96542.0,-3458.0,0.038296982163936386
2023-10-30,96542.0,-3458.0,0.038296982163936386
2023-10-31,96542.0,-3458.0,0.038296982163936386
2023-11-01,96542.0,-3458.0,0.038296982163936386
2023-11-02,96542.0,-3458.0,0.038296982163936386
2023-11-03,96542.0,-3458.0,0.038296982163936386
2023-11-06,96542.0,-3458.0,0.038296982163936386
2023-11-07,96542.0,-3458.0,0.038296982163936386
2023-11-08,96542.0,-3458.0,0.038296982163936386
2023-11-09,96542.0,-3458.0,0.038296982163936386
2023-11-10,96542.0,-3458.0,0.038296982163936386
2023-11-13,96542.0,-3458.0,0.038296982163936386
2023-11-14,96542.0,-3458.0,0.038296982163936386
2023-11-15,96542.0,-3458.0,0.038296982163936386
2023-11-16,96542.0,-3458.0,0.038296982163936386
2023-11-17,96542.0,-3458.0,0.038296982163936386
2023-11-20,96542.0,-3458.0,0.038296982163936386
2023-11-21,96542.0,-3458.0,0.038296982163936386
2023-11-22,96542.0,-3458.0,0.038296982163936386
2023-11-23,96542.0,-3458.0,0.038296982163936386
2023-11-24,96542.0,-3458.0,0.038296982163936386
2023-11-27,96542.0,-3458.0,0.038296982163936386
2023-11-28,96542.0,-3458.0,0.038296982163936386
2023-11-29,96542.0,-3458.0,0.038296982163936386
2023-11-30,96542.0,-3458.0,0.038296982163936386
2023-12-01,96542.0,-3458.0,0.038296982163936386
2023-12-04,96542.0,-3458.0,0.038296982163936386
2023-12-05,96542.0,-3458.0,0.038296982163936386
2023-12-06,96542.0,-3458.0,0.038296982163936386
2023-12-07,96542.0,-3458.0,0.038296982163936386
2023-12-08,96542.0,-3458.0,0.038296982163936386
2023-12-11,96542.0,-3458.0,0.038296982163936386
2023-12-12,96542.0,-3458.0,0.038296982163936386
2023-12-13,96537.0,-3463.0,0.03834678965797194
2023-12-14,96508.9,-3491.100000000006,0.038626707774451804
2023-12-15,96508.9,-3491.100000000006,0.038626707774451804
2023-12-18,96503.9,-3496.100000000006,0.03867651526848735
2023-12-19,96306.51,-3693.4900000000052,0.040642815518022894
2023-12-20,96306.51,-3693.4900000000052,0.040642815518022894
2023-12-21,96306.51,-3693.4900000000052,0.040642815518022894
2023-12-22,96306.51,-3693.4900000000052,0.040642815518022894
2023-12-25,96306.51,-3693.4900000000052,0.040642815518022894
2023-12-26,96306.51,-3693.4900000000052,0.040642815518022894
2023-12-27,96306.51,-3693.4900000000052,0.040642815518022894
2023-12-28,96306.51,-3693.4900000000052,0.040642815518022894
2023-12-29,96306.51,-3693.4900000000052,0.040642815518022894
