timestamp,portfolio_value,cumulative_pnl,drawdown
2023-01-01 00:00:00,100000.0,0.0,0.0
2023-01-01 04:00:00,100000.0,0.0,0.0
2023-01-01 08:00:00,99998.344334,-1.655666000006022,1.6556660000060218e-05
2023-01-01 12:00:00,99998.551334,-1.4486659999965923,1.4486659999965922e-05
2023-01-01 16:00:00,100002.986334,2.9863340000010794,0.0
2023-01-01 20:00:00,100004.353334,4.35333399999945,0.0
2023-01-02 00:00:00,100008.872334,8.872333999999682,0.0
2023-01-02 04:00:00,100014.806334,14.806333999993512,0.0
2023-01-02 08:00:00,100016.189334,16.189333999995142,0.0
2023-01-02 12:00:00,100016.144334,16.14433399999689,4.4992715977188553e-07
2023-01-02 16:00:00,100016.43433399999,16.434333999990486,0.0
2023-01-02 20:00:00,100009.965334,9.965333999993163,6.467937037621651e-05
2023-01-03 00:00:00,100011.859334,11.859333999993396,4.574248252761242e-05
2023-01-03 04:00:00,100015.652334,15.652333999998518,7.818715046174478e-06
2023-01-03 08:00:00,100014.781334,14.781333999999333,1.6527283850882343e-05
2023-01-03 12:00:00,100010.372334,10.372333999999682,6.061003914363764e-05
2023-01-03 16:00:00,100005.350997,5.350997000001371,0.00011081515826665899
2023-01-03 20:00:00,100003.683479,3.683478999999352,0.00012748759826220436
2023-01-04 00:00:00,100022.36747900001,22.367479000007734,0.0
2023-01-04 04:00:00,100023.109479,23.109479000006104,0.0
2023-01-04 08:00:00,100019.700479,19.700479000006453,3.408212379875448e-05
2023-01-04 12:00:00,100021.570479,21.570479000001797,1.538644427293497e-05
2023-01-04 16:00:00,100020.40147900001,20.401479000007384,2.70737433989419e-05
2023-01-04 20:00:00,100021.20147900001,21.201479000010295,1.90755917300931e-05
2023-01-05 00:00:00,100018.936479,18.936478999996325,4.172035864257855e-05
2023-01-05 04:00:00,100018.529479,18.529479000004358,4.578941830401027e-05
2023-01-05 08:00:00,100019.525479,19.525479000003543,3.5831719476337885e-05
2023-01-05 12:00:00,100020.459479,20.459478999997373,2.6493877403052565e-05
2023-01-05 16:00:00,100022.550479,22.550478999997722,5.588708478671569e-06
2023-01-05 20:00:00,100019.350479,19.350479000000632,3.7581315153921296e-05
2023-01-06 00:00:00,100019.521479,19.521479000002728,3.5871710234690134e-05
2023-01-06 04:00:00,100013.89207300001,13.892073000009987,9.215276397632214e-05
2023-01-06 08:00:00,100013.89207300001,13.892073000009987,9.215276397632214e-05
2023-01-06 12:00:00,100012.207991,12.207991000002949,0.00010898969304980404
2023-01-06 16:00:00,100022.116991,22.1169910000026,9.922586941889452e-06
2023-01-06 20:00:00,100023.19099100001,23.1909910000104,0.0
2023-01-07 00:00:00,100023.371991,23.371991000007256,0.0
2023-01-07 04:00:00,100022.934991,22.9349910000019,4.368978882702294e-06
2023-01-07 08:00:00,100019.95599100001,19.955991000009817,3.415201799340265e-05
2023-01-07 12:00:00,100022.16799100001,22.16799100000935,1.2037186669793928e-05
2023-01-07 16:00:00,100022.530991,22.530991000006907,8.408034874849265e-06
2023-01-07 20:00:00,100022.48299100001,22.48299100001168,8.887922715458617e-06
2023-01-08 00:00:00,100022.52799100001,22.527991000009933,8.438027864860072e-06
2023-01-08 04:00:00,100023.502991,23.502991000001202,0.0
2023-01-08 08:00:00,100020.867991,20.86799100000644,2.6343808417026303e-05
2023-01-08 12:00:00,100028.16899100001,28.168991000013193,0.0
2023-01-08 16:00:00,100020.85099100001,20.85099100001389,7.315939173751882e-05
2023-01-08 20:00:00,100040.908991,40.90899100000388,0.0
2023-01-09 00:00:00,100047.825991,47.82599100000516,0.0
2023-01-09 04:00:00,100047.973991,47.97399100000621,0.0
2023-01-09 08:00:00,100052.018991,52.01899100000446,0.0
2023-01-09 12:00:00,100054.97499100001,54.97499100001005,0.0
2023-01-09 16:00:00,100057.49499100001,57.494991000014124,0.0
2023-01-09 20:00:00,100045.95199100001,45.951991000009,0.00011536367166740876
2023-01-10 00:00:00,100048.69799100001,48.69799100000819,8.791945071978078e-05
2023-01-10 04:00:00,100048.44599100002,48.445991000015056,9.04380026784901e-05
2023-01-10 08:00:00,100053.41499100001,53.41499100001238,4.0776555523089346e-05
2023-01-10 12:00:00,100060.89599100001,60.895991000012145,0.0
2023-01-10 16:00:00,100071.41099100001,71.41099100001156,0.0
2023-01-10 20:00:00,100072.19199100001,72.19199100001424,0.0
2023-01-11 00:00:00,100069.73999100001,69.73999100000947,2.45023112936838e-05
2023-01-11 04:00:00,100072.790991,72.79099100000167,0.0
2023-01-11 08:00:00,100071.900991,71.90099100000225,8.893526314055332e-06
2023-01-11 12:00:00,100061.36899100001,61.36899100001028,0.00011413691860576385
2023-01-11 16:00:00,100077.81982572001,77.81982572001289,0.0
2023-01-11 20:00:00,100077.81982572001,77.81982572001289,0.0
2023-01-12 00:00:00,100077.81982572001,77.81982572001289,0.0
2023-01-12 04:00:00,100077.81982572001,77.81982572001289,0.0
2023-01-12 08:00:00,100077.81982572001,77.81982572001289,0.0
2023-01-12 12:00:00,100077.81982572001,77.81982572001289,0.0
2023-01-12 16:00:00,100077.81982572001,77.81982572001289,0.0
2023-01-12 20:00:00,100077.81982572001,77.81982572001289,0.0
2023-01-13 00:00:00,100077.81982572001,77.81982572001289,0.0
2023-01-13 04:00:00,100077.81982572001,77.81982572001289,0.0
2023-01-13 08:00:00,100077.81982572001,77.81982572001289,0.0
2023-01-13 12:00:00,100077.81982572001,77.81982572001289,0.0
2023-01-13 16:00:00,100077.81982572001,77.81982572001289,0.0
2023-01-13 20:00:00,100077.81982572001,77.81982572001289,0.0
2023-01-14 00:00:00,100077.81982572001,77.81982572001289,0.0
2023-01-14 04:00:00,100077.81982572001,77.81982572001289,0.0
2023-01-14 08:00:00,100077.81982572001,77.81982572001289,0.0
2023-01-14 12:00:00,100077.81982572001,77.81982572001289,0.0
2023-01-14 16:00:00,100077.81982572001,77.81982572001289,0.0
2023-01-14 20:00:00,100077.81982572001,77.81982572001289,0.0
2023-01-15 00:00:00,100077.81982572001,77.81982572001289,0.0
2023-01-15 04:00:00,100077.81982572001,77.81982572001289,0.0
2023-01-15 08:00:00,100077.81982572001,77.81982572001289,0.0
2023-01-15 12:00:00,100077.81982572001,77.81982572001289,0.0
2023-01-15 16:00:00,100077.81982572001,77.81982572001289,0.0
2023-01-15 20:00:00,100077.81982572001,77.81982572001289,0.0
2023-01-16 00:00:00,100077.81982572001,77.81982572001289,0.0
2023-01-16 04:00:00,100077.81982572001,77.81982572001289,0.0
2023-01-16 08:00:00,100077.81982572001,77.81982572001289,0.0
2023-01-16 12:00:00,100077.81982572001,77.81982572001289,0.0
2023-01-16 16:00:00,100077.81982572001,77.81982572001289,0.0
2023-01-16 20:00:00,100077.81982572001,77.81982572001289,0.0
2023-01-17 00:00:00,100077.81982572001,77.81982572001289,0.0
2023-01-17 04:00:00,100077.81982572001,77.81982572001289,0.0
2023-01-17 08:00:00,100077.81982572001,77.81982572001289,0.0
2023-01-17 12:00:00,100077.81982572001,77.81982572001289,0.0
2023-01-17 16:00:00,100077.81982572001,77.81982572001289,0.0
2023-01-17 20:00:00,100077.81982572001,77.81982572001289,0.0
2023-01-18 00:00:00,100077.81982572001,77.81982572001289,0.0
2023-01-18 04:00:00,100077.81982572001,77.81982572001289,0.0
2023-01-18 08:00:00,100077.81982572001,77.81982572001289,0.0
2023-01-18 12:00:00,100077.81982572001,77.81982572001289,0.0
2023-01-18 16:00:00,100077.81982572001,77.81982572001289,0.0
2023-01-18 20:00:00,100077.81982572001,77.81982572001289,0.0
2023-01-19 00:00:00,100077.81982572001,77.81982572001289,0.0
2023-01-19 04:00:00,100077.81982572001,77.81982572001289,0.0
2023-01-19 08:00:00,100077.81982572001,77.81982572001289,0.0
2023-01-19 12:00:00,100077.81982572001,77.81982572001289,0.0
2023-01-19 16:00:00,100077.81982572001,77.81982572001289,0.0
2023-01-19 20:00:00,100077.81982572001,77.81982572001289,0.0
2023-01-20 00:00:00,100077.81982572001,77.81982572001289,0.0
2023-01-20 04:00:00,100077.81982572001,77.81982572001289,0.0
2023-01-20 08:00:00,100077.81982572001,77.81982572001289,0.0
2023-01-20 12:00:00,100077.81982572001,77.81982572001289,0.0
2023-01-20 16:00:00,100077.81982572001,77.81982572001289,0.0
2023-01-20 20:00:00,100077.81982572001,77.81982572001289,0.0
2023-01-21 00:00:00,100077.81982572001,77.81982572001289,0.0
2023-01-21 04:00:00,100077.81982572001,77.81982572001289,0.0
2023-01-21 08:00:00,100077.81982572001,77.81982572001289,0.0
2023-01-21 12:00:00,100077.81982572001,77.81982572001289,0.0
2023-01-21 16:00:00,100077.81982572001,77.81982572001289,0.0
2023-01-21 20:00:00,100077.81982572001,77.81982572001289,0.0
2023-01-22 00:00:00,100077.81982572001,77.81982572001289,0.0
2023-01-22 04:00:00,100077.81982572001,77.81982572001289,0.0
2023-01-22 08:00:00,100077.81982572001,77.81982572001289,0.0
2023-01-22 12:00:00,100077.81982572001,77.81982572001289,0.0
2023-01-22 16:00:00,100077.81982572001,77.81982572001289,0.0
2023-01-22 20:00:00,100077.81982572001,77.81982572001289,0.0
2023-01-23 00:00:00,100077.81982572001,77.81982572001289,0.0
2023-01-23 04:00:00,100077.81982572001,77.81982572001289,0.0
2023-01-23 08:00:00,100077.81982572001,77.81982572001289,0.0
2023-01-23 12:00:00,100077.81982572001,77.81982572001289,0.0
2023-01-23 16:00:00,100077.81982572001,77.81982572001289,0.0
2023-01-23 20:00:00,100077.81982572001,77.81982572001289,0.0
2023-01-24 00:00:00,100077.81982572001,77.81982572001289,0.0
2023-01-24 04:00:00,100077.81982572001,77.81982572001289,0.0
2023-01-24 08:00:00,100077.81982572001,77.81982572001289,0.0
2023-01-24 12:00:00,100077.81982572001,77.81982572001289,0.0
2023-01-24 16:00:00,100077.81982572001,77.81982572001289,0.0
2023-01-24 20:00:00,100077.81982572001,77.81982572001289,0.0
2023-01-25 00:00:00,100077.81982572001,77.81982572001289,0.0
2023-01-25 04:00:00,100077.81982572001,77.81982572001289,0.0
2023-01-25 08:00:00,100077.81982572001,77.81982572001289,0.0
2023-01-25 12:00:00,100077.81982572001,77.81982572001289,0.0
2023-01-25 16:00:00,100075.54493972001,75.54493972001364,2.273117064261422e-05
2023-01-25 20:00:00,100164.17449828002,164.17449828001554,0.0
2023-01-26 00:00:00,100164.17449828002,164.17449828001554,0.0
2023-01-26 04:00:00,100164.17449828002,164.17449828001554,0.0
2023-01-26 08:00:00,100164.17449828002,164.17449828001554,0.0
2023-01-26 12:00:00,100164.17449828002,164.17449828001554,0.0
2023-01-26 16:00:00,100164.17449828002,164.17449828001554,0.0
2023-01-26 20:00:00,100164.17449828002,164.17449828001554,0.0
2023-01-27 00:00:00,100164.17449828002,164.17449828001554,0.0
2023-01-27 04:00:00,100161.86722128002,161.86722128001566,2.3034952482331945e-05
2023-01-27 08:00:00,100151.33722128002,151.33722128001682,0.00012816236008832837
2023-01-27 12:00:00,100147.98622128,147.98622128000716,0.00016161743538640517
2023-01-27 16:00:00,100179.89622128001,179.89622128001065,0.0
2023-01-27 20:00:00,100162.00622128001,162.00622128001123,0.00017857874358826955
2023-01-28 00:00:00,100166.33422128002,166.33422128001985,0.00013537646285872266
2023-01-28 04:00:00,100151.44207028001,151.44207028001256,0.00028403054977365727
2023-01-28 08:00:00,100151.44207028001,151.44207028001256,0.00028403054977365727
2023-01-28 12:00:00,100151.44207028001,151.44207028001256,0.00028403054977365727
2023-01-28 16:00:00,100151.44207028001,151.44207028001256,0.00028403054977365727
2023-01-28 20:00:00,100151.44207028001,151.44207028001256,0.00028403054977365727
2023-01-29 00:00:00,100151.44207028001,151.44207028001256,0.00028403054977365727
2023-01-29 04:00:00,100151.44207028001,151.44207028001256,0.00028403054977365727
2023-01-29 08:00:00,100151.44207028001,151.44207028001256,0.00028403054977365727
2023-01-29 12:00:00,100151.44207028001,151.44207028001256,0.00028403054977365727
2023-01-29 16:00:00,100151.44207028001,151.44207028001256,0.00028403054977365727
2023-01-29 20:00:00,100151.44207028001,151.44207028001256,0.00028403054977365727
2023-01-30 00:00:00,100151.44207028001,151.44207028001256,0.00028403054977365727
2023-01-30 04:00:00,100151.44207028001,151.44207028001256,0.00028403054977365727
2023-01-30 08:00:00,100151.44207028001,151.44207028001256,0.00028403054977365727
2023-01-30 12:00:00,100151.44207028001,151.44207028001256,0.00028403054977365727
2023-01-30 16:00:00,100151.44207028001,151.44207028001256,0.00028403054977365727
2023-01-30 20:00:00,100151.44207028001,151.44207028001256,0.00028403054977365727
2023-01-31 00:00:00,100151.44207028001,151.44207028001256,0.00028403054977365727
2023-01-31 04:00:00,100151.44207028001,151.44207028001256,0.00028403054977365727
2023-01-31 08:00:00,100151.44207028001,151.44207028001256,0.00028403054977365727
2023-01-31 12:00:00,100149.12989028,149.12989028000447,0.0003071108292231476
2023-01-31 16:00:00,100153.33789028002,153.33789028001775,0.00026510639361544317
2023-01-31 20:00:00,100149.46289028002,149.46289028001775,0.00030378680900977335
2023-02-01 00:00:00,100149.96889028001,149.9688902800117,0.0002987358954125354
2023-02-01 04:00:00,100142.31022228001,142.31022228000802,0.0003751850462789628
2023-02-01 08:00:00,100142.31022228001,142.31022228000802,0.0003751850462789628
2023-02-01 12:00:00,100142.31022228001,142.31022228000802,0.0003751850462789628
2023-02-01 16:00:00,100139.97162328001,139.97162328001286,0.00039852904131395064
2023-02-01 20:00:00,100174.63862328001,174.63862328001414,5.248156764290696e-05
2023-02-02 00:00:00,100186.23262328001,186.23262328001147,0.0
2023-02-02 04:00:00,100179.48462328,179.4846232800046,6.735456382895123e-05
2023-02-02 08:00:00,100183.42162328001,183.42162328000995,2.8057747321145687e-05
2023-02-02 12:00:00,100185.32262328001,185.32262328000797,9.083084333805343e-06
2023-02-02 16:00:00,100181.62962328001,181.62962328000867,4.5944436470737265e-05
2023-02-02 20:00:00,100147.91772928002,147.91772928001592,0.00038243671806751235
2023-02-03 00:00:00,100145.56431128002,145.56431128001714,0.0004059271512176249
2023-02-03 04:00:00,100135.42368828002,135.4236882800178,0.0005071448807846211
2023-02-03 08:00:00,100135.42368828002,135.4236882800178,0.0005071448807846211
2023-02-03 12:00:00,100135.42368828002,135.4236882800178,0.0005071448807846211
2023-02-03 16:00:00,100135.42368828002,135.4236882800178,0.0005071448807846211
2023-02-03 20:00:00,100135.42368828002,135.4236882800178,0.0005071448807846211
2023-02-04 00:00:00,100135.42368828002,135.4236882800178,0.0005071448807846211
2023-02-04 04:00:00,100135.42368828002,135.4236882800178,0.0005071448807846211
2023-02-04 08:00:00,100135.42368828002,135.4236882800178,0.0005071448807846211
2023-02-04 12:00:00,100135.42368828002,135.4236882800178,0.0005071448807846211
2023-02-04 16:00:00,100135.42368828002,135.4236882800178,0.0005071448807846211
2023-02-04 20:00:00,100135.42368828002,135.4236882800178,0.0005071448807846211
2023-02-05 00:00:00,100135.42368828002,135.4236882800178,0.0005071448807846211
2023-02-05 04:00:00,100135.42368828002,135.4236882800178,0.0005071448807846211
2023-02-05 08:00:00,100135.42368828002,135.4236882800178,0.0005071448807846211
2023-02-05 12:00:00,100135.42368828002,135.4236882800178,0.0005071448807846211
2023-02-05 16:00:00,100135.42368828002,135.4236882800178,0.0005071448807846211
2023-02-05 20:00:00,100135.42368828002,135.4236882800178,0.0005071448807846211
2023-02-06 00:00:00,100135.42368828002,135.4236882800178,0.0005071448807846211
2023-02-06 04:00:00,100135.42368828002,135.4236882800178,0.0005071448807846211
2023-02-06 08:00:00,100135.42368828002,135.4236882800178,0.0005071448807846211
2023-02-06 12:00:00,100135.42368828002,135.4236882800178,0.0005071448807846211
2023-02-06 16:00:00,100135.42368828002,135.4236882800178,0.0005071448807846211
2023-02-06 20:00:00,100135.42368828002,135.4236882800178,0.0005071448807846211
2023-02-07 00:00:00,100135.42368828002,135.4236882800178,0.0005071448807846211
2023-02-07 04:00:00,100135.42368828002,135.4236882800178,0.0005071448807846211
2023-02-07 08:00:00,100135.42368828002,135.4236882800178,0.0005071448807846211
2023-02-07 12:00:00,100135.42368828002,135.4236882800178,0.0005071448807846211
2023-02-07 16:00:00,100133.11449828002,133.11449828001787,0.0005301938560733012
2023-02-07 20:00:00,100147.97049828002,147.97049828001764,0.0003819100089716614
2023-02-08 00:00:00,100149.45849828002,149.4584982800152,0.0003670576688742677
2023-02-08 04:00:00,100147.19249828001,147.19249828001193,0.00038967554700652436
2023-02-08 08:00:00,100139.83149828002,139.83149828002206,0.00046314871599640624
2023-02-08 12:00:00,100108.86527028002,108.86527028001728,0.00077223537580169
2023-02-08 16:00:00,100108.86527028002,108.86527028001728,0.00077223537580169
2023-02-08 20:00:00,100108.86527028002,108.86527028001728,0.00077223537580169
2023-02-09 00:00:00,100108.86527028002,108.86527028001728,0.00077223537580169
2023-02-09 04:00:00,100108.86527028002,108.86527028001728,0.00077223537580169
2023-02-09 08:00:00,100108.86527028002,108.86527028001728,0.00077223537580169
2023-02-09 12:00:00,100108.86527028002,108.86527028001728,0.00077223537580169
2023-02-09 16:00:00,100108.86527028002,108.86527028001728,0.00077223537580169
2023-02-09 20:00:00,100108.86527028002,108.86527028001728,0.00077223537580169
2023-02-10 00:00:00,100108.86527028002,108.86527028001728,0.00077223537580169
2023-02-10 04:00:00,100108.86527028002,108.86527028001728,0.00077223537580169
2023-02-10 08:00:00,100108.86527028002,108.86527028001728,0.00077223537580169
2023-02-10 12:00:00,100108.86527028002,108.86527028001728,0.00077223537580169
2023-02-10 16:00:00,100108.86527028002,108.86527028001728,0.00077223537580169
2023-02-10 20:00:00,100108.86527028002,108.86527028001728,0.00077223537580169
2023-02-11 00:00:00,100108.86527028002,108.86527028001728,0.00077223537580169
2023-02-11 04:00:00,100108.86527028002,108.86527028001728,0.00077223537580169
2023-02-11 08:00:00,100108.86527028002,108.86527028001728,0.00077223537580169
2023-02-11 12:00:00,100108.86527028002,108.86527028001728,0.00077223537580169
2023-02-11 16:00:00,100108.86527028002,108.86527028001728,0.00077223537580169
2023-02-11 20:00:00,100108.86527028002,108.86527028001728,0.00077223537580169
2023-02-12 00:00:00,100108.86527028002,108.86527028001728,0.00077223537580169
2023-02-12 04:00:00,100108.86527028002,108.86527028001728,0.00077223537580169
2023-02-12 08:00:00,100106.67643928003,106.67643928002508,0.0007940829984009213
2023-02-12 12:00:00,100112.37543928002,112.37543928001833,0.0007371989350843316
2023-02-12 16:00:00,100117.56343928001,117.56343928001297,0.0006854153729705375
2023-02-12 20:00:00,100094.02108528002,94.02108528002282,0.0009204012925281082
2023-02-13 00:00:00,100094.02108528002,94.02108528002282,0.0009204012925281082
2023-02-13 04:00:00,100094.02108528002,94.02108528002282,0.0009204012925281082
2023-02-13 08:00:00,100094.02108528002,94.02108528002282,0.0009204012925281082
2023-02-13 12:00:00,100094.02108528002,94.02108528002282,0.0009204012925281082
2023-02-13 16:00:00,100094.02108528002,94.02108528002282,0.0009204012925281082
2023-02-13 20:00:00,100091.84368828002,91.84368828001607,0.0009421347876700425
2023-02-14 00:00:00,100082.31864628002,82.31864628002222,0.0010372081500531743
2023-02-14 04:00:00,100080.14179828002,80.14179828001943,0.0010589361654002346
2023-02-14 08:00:00,100084.27479828002,84.27479828002106,0.0010176829922667312
2023-02-14 12:00:00,100107.43879828003,107.43879828002537,0.0007864735796211283
2023-02-14 16:00:00,100124.15879828003,124.15879828002653,0.0006195843817522788
2023-02-14 20:00:00,100123.27779828002,123.27779828001803,0.0006283780051568162
2023-02-15 00:00:00,100113.24279828001,113.24279828001454,0.0007285414681122212
2023-02-15 04:00:00,100114.28279828002,114.28279828002269,0.0007181608003021164
2023-02-15 08:00:00,100147.80679828003,147.80679828002758,0.00038354396601050534
2023-02-15 12:00:00,100164.95179636002,164.95179636002285,0.0002124126874798129
2023-02-15 16:00:00,100164.95179636002,164.95179636002285,0.0002124126874798129
2023-02-15 20:00:00,100164.95179636002,164.95179636002285,0.0002124126874798129
2023-02-16 00:00:00,100164.95179636002,164.95179636002285,0.0002124126874798129
2023-02-16 04:00:00,100164.95179636002,164.95179636002285,0.0002124126874798129
2023-02-16 08:00:00,100164.95179636002,164.95179636002285,0.0002124126874798129
2023-02-16 12:00:00,100164.95179636002,164.95179636002285,0.0002124126874798129
2023-02-16 16:00:00,100164.95179636002,164.95179636002285,0.0002124126874798129
2023-02-16 20:00:00,100164.95179636002,164.95179636002285,0.0002124126874798129
2023-02-17 00:00:00,100162.56793236002,162.56793236001977,0.00023620701468010682
2023-02-17 04:00:00,100140.04422836001,140.04422836001322,0.000461025369560264
2023-02-17 08:00:00,100137.66524636002,137.6652463600185,0.0004847709675102355
2023-02-17 12:00:00,100171.73324636002,171.7332463600178,0.00014472424544112944
2023-02-17 16:00:00,100211.13224636001,211.13224636000814,0.0
2023-02-17 20:00:00,100230.35038508002,230.3503850800189,0.0
2023-02-18 00:00:00,100230.35038508002,230.3503850800189,0.0
2023-02-18 04:00:00,100230.35038508002,230.3503850800189,0.0
2023-02-18 08:00:00,100230.35038508002,230.3503850800189,0.0
2023-02-18 12:00:00,100230.35038508002,230.3503850800189,0.0
2023-02-18 16:00:00,100230.35038508002,230.3503850800189,0.0
2023-02-18 20:00:00,100230.35038508002,230.3503850800189,0.0
2023-02-19 00:00:00,100230.35038508002,230.3503850800189,0.0
2023-02-19 04:00:00,100230.35038508002,230.3503850800189,0.0
2023-02-19 08:00:00,100230.35038508002,230.3503850800189,0.0
2023-02-19 12:00:00,100230.35038508002,230.3503850800189,0.0
2023-02-19 16:00:00,100230.35038508002,230.3503850800189,0.0
2023-02-19 20:00:00,100230.35038508002,230.3503850800189,0.0
2023-02-20 00:00:00,100230.35038508002,230.3503850800189,0.0
2023-02-20 04:00:00,100227.90002008002,227.90002008002193,2.444733546857597e-05
2023-02-20 08:00:00,100266.53502008002,266.5350200800167,0.0
2023-02-20 12:00:00,100271.82202008001,271.8220200800133,0.0
2023-02-20 16:00:00,100264.75402008001,264.754020080014,7.0488397015304e-05
2023-02-20 20:00:00,100261.75502008002,261.75502008001786,0.0001003970985784968
2023-02-21 00:00:00,100270.19102008002,270.19102008001937,1.626578601182024e-05
2023-02-21 04:00:00,100277.53002008001,277.53002008001204,0.0
2023-02-21 08:00:00,100232.36073708002,232.3607370800164,0.0004504427162391289
2023-02-21 12:00:00,100232.36073708002,232.3607370800164,0.0004504427162391289
2023-02-21 16:00:00,100232.36073708002,232.3607370800164,0.0004504427162391289
2023-02-21 20:00:00,100232.36073708002,232.3607370800164,0.0004504427162391289
2023-02-22 00:00:00,100232.36073708002,232.3607370800164,0.0004504427162391289
2023-02-22 04:00:00,100232.36073708002,232.3607370800164,0.0004504427162391289
2023-02-22 08:00:00,100232.36073708002,232.3607370800164,0.0004504427162391289
2023-02-22 12:00:00,100232.36073708002,232.3607370800164,0.0004504427162391289
2023-02-22 16:00:00,100232.36073708002,232.3607370800164,0.0004504427162391289
2023-02-22 20:00:00,100232.36073708002,232.3607370800164,0.0004504427162391289
2023-02-23 00:00:00,100229.91525208001,229.91525208001258,0.0004748298845261233
2023-02-23 04:00:00,100222.05725208,222.05725208000513,0.000553192405007371
2023-02-23 08:00:00,100178.60897678001,178.60897678001493,0.0009864726751864423
2023-02-23 12:00:00,100178.60897678001,178.60897678001493,0.0009864726751864423
2023-02-23 16:00:00,100178.60897678001,178.60897678001493,0.0009864726751864423
2023-02-23 20:00:00,100178.60897678001,178.60897678001493,0.0009864726751864423
2023-02-24 00:00:00,100178.60897678001,178.60897678001493,0.0009864726751864423
2023-02-24 04:00:00,100178.60897678001,178.60897678001493,0.0009864726751864423
2023-02-24 08:00:00,100178.60897678001,178.60897678001493,0.0009864726751864423
2023-02-24 12:00:00,100178.60897678001,178.60897678001493,0.0009864726751864423
2023-02-24 16:00:00,100178.60897678001,178.60897678001493,0.0009864726751864423
2023-02-24 20:00:00,100178.60897678001,178.60897678001493,0.0009864726751864423
2023-02-25 00:00:00,100178.60897678001,178.60897678001493,0.0009864726751864423
2023-02-25 04:00:00,100178.60897678001,178.60897678001493,0.0009864726751864423
2023-02-25 08:00:00,100178.60897678001,178.60897678001493,0.0009864726751864423
2023-02-25 12:00:00,100178.60897678001,178.60897678001493,0.0009864726751864423
2023-02-25 16:00:00,100178.60897678001,178.60897678001493,0.0009864726751864423
2023-02-25 20:00:00,100178.60897678001,178.60897678001493,0.0009864726751864423
2023-02-26 00:00:00,100178.60897678001,178.60897678001493,0.0009864726751864423
2023-02-26 04:00:00,100178.60897678001,178.60897678001493,0.0009864726751864423
2023-02-26 08:00:00,100178.60897678001,178.60897678001493,0.0009864726751864423
2023-02-26 12:00:00,100178.60897678001,178.60897678001493,0.0009864726751864423
2023-02-26 16:00:00,100176.25904378002,176.2590437800245,0.0010099069679888263
2023-02-26 20:00:00,100181.81104378002,181.81104378002055,0.000954540626208327
2023-02-27 00:00:00,100181.48804378002,181.4880437800166,0.0009577616867982645
2023-02-27 04:00:00,100168.65704378003,168.65704378002556,0.0010857165735752095
2023-02-27 08:00:00,100169.21304378002,169.21304378002242,0.0010801719615381408
2023-02-27 12:00:00,100182.26604378002,182.2660437800223,0.0009500032188757906
2023-02-27 16:00:00,100151.63340878002,151.63340878002055,0.0012554817741799325
2023-02-27 20:00:00,100149.28419978003,149.28419978002785,0.0012789088470199026
2023-02-28 00:00:00,100146.82719978002,146.82719978001842,0.0013034108466155989
2023-02-28 04:00:00,100121.41953178002,121.41953178001859,0.0015567843391109972
2023-02-28 08:00:00,100121.41953178002,121.41953178001859,0.0015567843391109972
2023-02-28 12:00:00,100121.41953178002,121.41953178001859,0.0015567843391109972
2023-02-28 16:00:00,100121.41953178002,121.41953178001859,0.0015567843391109972
2023-02-28 20:00:00,100121.41953178002,121.41953178001859,0.0015567843391109972
2023-03-01 00:00:00,100121.41953178002,121.41953178001859,0.0015567843391109972
2023-03-01 04:00:00,100121.41953178002,121.41953178001859,0.0015567843391109972
2023-03-01 08:00:00,100121.41953178002,121.41953178001859,0.0015567843391109972
2023-03-01 12:00:00,100121.41953178002,121.41953178001859,0.0015567843391109972
2023-03-01 16:00:00,100121.41953178002,121.41953178001859,0.0015567843391109972
2023-03-01 20:00:00,100121.41953178002,121.41953178001859,0.0015567843391109972
2023-03-02 00:00:00,100121.41953178002,121.41953178001859,0.0015567843391109972
2023-03-02 04:00:00,100121.41953178002,121.41953178001859,0.0015567843391109972
2023-03-02 08:00:00,100121.41953178002,121.41953178001859,0.0015567843391109972
2023-03-02 12:00:00,100121.41953178002,121.41953178001859,0.0015567843391109972
2023-03-02 16:00:00,100121.41953178002,121.41953178001859,0.0015567843391109972
2023-03-02 20:00:00,100121.41953178002,121.41953178001859,0.0015567843391109972
2023-03-03 00:00:00,100121.41953178002,121.41953178001859,0.0015567843391109972
2023-03-03 04:00:00,100121.41953178002,121.41953178001859,0.0015567843391109972
2023-03-03 08:00:00,100121.41953178002,121.41953178001859,0.0015567843391109972
2023-03-03 12:00:00,100121.41953178002,121.41953178001859,0.0015567843391109972
2023-03-03 16:00:00,100121.41953178002,121.41953178001859,0.0015567843391109972
2023-03-03 20:00:00,100121.41953178002,121.41953178001859,0.0015567843391109972
2023-03-04 00:00:00,100121.41953178002,121.41953178001859,0.0015567843391109972
2023-03-04 04:00:00,100121.41953178002,121.41953178001859,0.0015567843391109972
2023-03-04 08:00:00,100121.41953178002,121.41953178001859,0.0015567843391109972
2023-03-04 12:00:00,100121.41953178002,121.41953178001859,0.0015567843391109972
2023-03-04 16:00:00,100121.41953178002,121.41953178001859,0.0015567843391109972
2023-03-04 20:00:00,100121.41953178002,121.41953178001859,0.0015567843391109972
2023-03-05 00:00:00,100121.41953178002,121.41953178001859,0.0015567843391109972
2023-03-05 04:00:00,100121.41953178002,121.41953178001859,0.0015567843391109972
2023-03-05 08:00:00,100121.41953178002,121.41953178001859,0.0015567843391109972
2023-03-05 12:00:00,100121.41953178002,121.41953178001859,0.0015567843391109972
2023-03-05 16:00:00,100121.41953178002,121.41953178001859,0.0015567843391109972
2023-03-05 20:00:00,100121.41953178002,121.41953178001859,0.0015567843391109972
2023-03-06 00:00:00,100121.41953178002,121.41953178001859,0.0015567843391109972
2023-03-06 04:00:00,100121.41953178002,121.41953178001859,0.0015567843391109972
2023-03-06 08:00:00,100121.41953178002,121.41953178001859,0.0015567843391109972
2023-03-06 12:00:00,100121.41953178002,121.41953178001859,0.0015567843391109972
2023-03-06 16:00:00,100121.41953178002,121.41953178001859,0.0015567843391109972
2023-03-06 20:00:00,100121.41953178002,121.41953178001859,0.0015567843391109972
2023-03-07 00:00:00,100121.41953178002,121.41953178001859,0.0015567843391109972
2023-03-07 04:00:00,100121.41953178002,121.41953178001859,0.0015567843391109972
2023-03-07 08:00:00,100121.41953178002,121.41953178001859,0.0015567843391109972
2023-03-07 12:00:00,100121.41953178002,121.41953178001859,0.0015567843391109972
2023-03-07 16:00:00,100121.41953178002,121.41953178001859,0.0015567843391109972
2023-03-07 20:00:00,100121.41953178002,121.41953178001859,0.0015567843391109972
2023-03-08 00:00:00,100121.41953178002,121.41953178001859,0.0015567843391109972
2023-03-08 04:00:00,100121.41953178002,121.41953178001859,0.0015567843391109972
2023-03-08 08:00:00,100121.41953178002,121.41953178001859,0.0015567843391109972
2023-03-08 12:00:00,100121.41953178002,121.41953178001859,0.0015567843391109972
2023-03-08 16:00:00,100121.41953178002,121.41953178001859,0.0015567843391109972
2023-03-08 20:00:00,100121.41953178002,121.41953178001859,0.0015567843391109972
2023-03-09 00:00:00,100121.41953178002,121.41953178001859,0.0015567843391109972
2023-03-09 04:00:00,100121.41953178002,121.41953178001859,0.0015567843391109972
2023-03-09 08:00:00,100121.41953178002,121.41953178001859,0.0015567843391109972
2023-03-09 12:00:00,100121.41953178002,121.41953178001859,0.0015567843391109972
2023-03-09 16:00:00,100121.41953178002,121.41953178001859,0.0015567843391109972
2023-03-09 20:00:00,100121.41953178002,121.41953178001859,0.0015567843391109972
2023-03-10 00:00:00,100121.41953178002,121.41953178001859,0.0015567843391109972
2023-03-10 04:00:00,100121.41953178002,121.41953178001859,0.0015567843391109972
2023-03-10 08:00:00,100121.41953178002,121.41953178001859,0.0015567843391109972
2023-03-10 12:00:00,100121.41953178002,121.41953178001859,0.0015567843391109972
2023-03-10 16:00:00,100121.41953178002,121.41953178001859,0.0015567843391109972
2023-03-10 20:00:00,100121.41953178002,121.41953178001859,0.0015567843391109972
2023-03-11 00:00:00,100121.41953178002,121.41953178001859,0.0015567843391109972
2023-03-11 04:00:00,100121.41953178002,121.41953178001859,0.0015567843391109972
2023-03-11 08:00:00,100121.41953178002,121.41953178001859,0.0015567843391109972
2023-03-11 12:00:00,100121.41953178002,121.41953178001859,0.0015567843391109972
2023-03-11 16:00:00,100121.41953178002,121.41953178001859,0.0015567843391109972
2023-03-11 20:00:00,100119.37395878002,119.3739587800228,0.001577183455439313
2023-03-12 00:00:00,100109.40931278002,109.40931278001517,0.00167655413198083
2023-03-12 04:00:00,100109.40931278002,109.40931278001517,0.00167655413198083
2023-03-12 08:00:00,100109.40931278002,109.40931278001517,0.00167655413198083
2023-03-12 12:00:00,100109.40931278002,109.40931278001517,0.00167655413198083
2023-03-12 16:00:00,100107.33135878001,107.33135878000758,0.0016972761621264817
2023-03-12 20:00:00,100188.28844662,188.28844662000483,0.0008899458676548683
2023-03-13 00:00:00,100188.28844662,188.28844662000483,0.0008899458676548683
2023-03-13 04:00:00,100188.28844662,188.28844662000483,0.0008899458676548683
2023-03-13 08:00:00,100188.28844662,188.28844662000483,0.0008899458676548683
2023-03-13 12:00:00,100188.28844662,188.28844662000483,0.0008899458676548683
2023-03-13 16:00:00,100188.28844662,188.28844662000483,0.0008899458676548683
2023-03-13 20:00:00,100188.28844662,188.28844662000483,0.0008899458676548683
2023-03-14 00:00:00,100188.28844662,188.28844662000483,0.0008899458676548683
2023-03-14 04:00:00,100188.28844662,188.28844662000483,0.0008899458676548683
2023-03-14 08:00:00,100188.28844662,188.28844662000483,0.0008899458676548683
2023-03-14 12:00:00,100188.28844662,188.28844662000483,0.0008899458676548683
2023-03-14 16:00:00,100188.28844662,188.28844662000483,0.0008899458676548683
2023-03-14 20:00:00,100188.28844662,188.28844662000483,0.0008899458676548683
2023-03-15 00:00:00,100188.28844662,188.28844662000483,0.0008899458676548683
2023-03-15 04:00:00,100188.28844662,188.28844662000483,0.0008899458676548683
2023-03-15 08:00:00,100188.28844662,188.28844662000483,0.0008899458676548683
2023-03-15 12:00:00,100188.28844662,188.28844662000483,0.0008899458676548683
2023-03-15 16:00:00,100188.28844662,188.28844662000483,0.0008899458676548683
2023-03-15 20:00:00,100188.28844662,188.28844662000483,0.0008899458676548683
2023-03-16 00:00:00,100188.28844662,188.28844662000483,0.0008899458676548683
2023-03-16 04:00:00,100188.28844662,188.28844662000483,0.0008899458676548683
2023-03-16 08:00:00,100188.28844662,188.28844662000483,0.0008899458676548683
2023-03-16 12:00:00,100188.28844662,188.28844662000483,0.0008899458676548683
2023-03-16 16:00:00,100188.28844662,188.28844662000483,0.0008899458676548683
2023-03-16 20:00:00,100188.28844662,188.28844662000483,0.0008899458676548683
2023-03-17 00:00:00,100188.28844662,188.28844662000483,0.0008899458676548683
2023-03-17 04:00:00,100188.28844662,188.28844662000483,0.0008899458676548683
2023-03-17 08:00:00,100188.28844662,188.28844662000483,0.0008899458676548683
2023-03-17 12:00:00,100188.28844662,188.28844662000483,0.0008899458676548683
2023-03-17 16:00:00,100188.28844662,188.28844662000483,0.0008899458676548683
2023-03-17 20:00:00,100188.28844662,188.28844662000483,0.0008899458676548683
2023-03-18 00:00:00,100188.28844662,188.28844662000483,0.0008899458676548683
2023-03-18 04:00:00,100188.28844662,188.28844662000483,0.0008899458676548683
2023-03-18 08:00:00,100188.28844662,188.28844662000483,0.0008899458676548683
2023-03-18 12:00:00,100188.28844662,188.28844662000483,0.0008899458676548683
2023-03-18 16:00:00,100188.28844662,188.28844662000483,0.0008899458676548683
2023-03-18 20:00:00,100188.28844662,188.28844662000483,0.0008899458676548683
2023-03-19 00:00:00,100188.28844662,188.28844662000483,0.0008899458676548683
2023-03-19 04:00:00,100188.28844662,188.28844662000483,0.0008899458676548683
2023-03-19 08:00:00,100188.28844662,188.28844662000483,0.0008899458676548683
2023-03-19 12:00:00,100188.28844662,188.28844662000483,0.0008899458676548683
2023-03-19 16:00:00,100188.28844662,188.28844662000483,0.0008899458676548683
2023-03-19 20:00:00,100188.28844662,188.28844662000483,0.0008899458676548683
2023-03-20 00:00:00,100188.28844662,188.28844662000483,0.0008899458676548683
2023-03-20 04:00:00,100188.28844662,188.28844662000483,0.0008899458676548683
2023-03-20 08:00:00,100188.28844662,188.28844662000483,0.0008899458676548683
2023-03-20 12:00:00,100188.28844662,188.28844662000483,0.0008899458676548683
2023-03-20 16:00:00,100188.28844662,188.28844662000483,0.0008899458676548683
2023-03-20 20:00:00,100188.28844662,188.28844662000483,0.0008899458676548683
2023-03-21 00:00:00,100188.28844662,188.28844662000483,0.0008899458676548683
2023-03-21 04:00:00,100188.28844662,188.28844662000483,0.0008899458676548683
2023-03-21 08:00:00,100188.28844662,188.28844662000483,0.0008899458676548683
2023-03-21 12:00:00,100188.28844662,188.28844662000483,0.0008899458676548683
2023-03-21 16:00:00,100188.28844662,188.28844662000483,0.0008899458676548683
2023-03-21 20:00:00,100188.28844662,188.28844662000483,0.0008899458676548683
2023-03-22 00:00:00,100188.28844662,188.28844662000483,0.0008899458676548683
2023-03-22 04:00:00,100188.28844662,188.28844662000483,0.0008899458676548683
2023-03-22 08:00:00,100188.28844662,188.28844662000483,0.0008899458676548683
2023-03-22 12:00:00,100188.28844662,188.28844662000483,0.0008899458676548683
2023-03-22 16:00:00,100188.28844662,188.28844662000483,0.0008899458676548683
2023-03-22 20:00:00,100188.28844662,188.28844662000483,0.0008899458676548683
2023-03-23 00:00:00,100188.28844662,188.28844662000483,0.0008899458676548683
2023-03-23 04:00:00,100188.28844662,188.28844662000483,0.0008899458676548683
2023-03-23 08:00:00,100188.28844662,188.28844662000483,0.0008899458676548683
2023-03-23 12:00:00,100185.43035962,185.4303596200043,0.0009184476366895484
2023-03-23 16:00:00,100125.46769436,125.46769436000613,0.0015164147510370097
2023-03-23 20:00:00,100125.46769436,125.46769436000613,0.0015164147510370097
2023-03-24 00:00:00,100125.46769436,125.46769436000613,0.0015164147510370097
2023-03-24 04:00:00,100125.46769436,125.46769436000613,0.0015164147510370097
2023-03-24 08:00:00,100125.46769436,125.46769436000613,0.0015164147510370097
2023-03-24 12:00:00,100125.46769436,125.46769436000613,0.0015164147510370097
2023-03-24 16:00:00,100125.46769436,125.46769436000613,0.0015164147510370097
2023-03-24 20:00:00,100125.46769436,125.46769436000613,0.0015164147510370097
2023-03-25 00:00:00,100125.46769436,125.46769436000613,0.0015164147510370097
2023-03-25 04:00:00,100125.46769436,125.46769436000613,0.0015164147510370097
2023-03-25 08:00:00,100125.46769436,125.46769436000613,0.0015164147510370097
2023-03-25 12:00:00,100125.46769436,125.46769436000613,0.0015164147510370097
2023-03-25 16:00:00,100125.46769436,125.46769436000613,0.0015164147510370097
2023-03-25 20:00:00,100125.46769436,125.46769436000613,0.0015164147510370097
2023-03-26 00:00:00,100125.46769436,125.46769436000613,0.0015164147510370097
2023-03-26 04:00:00,100125.46769436,125.46769436000613,0.0015164147510370097
2023-03-26 08:00:00,100122.68109936001,122.68109936000837,0.0015442035786979997
2023-03-26 12:00:00,100116.47509936,116.47509936000279,0.0016060918202488524
2023-03-26 16:00:00,100118.88109936,118.88109936000546,0.001582098409167418
2023-03-26 20:00:00,100132.89109936001,132.89109936001478,0.0014423861526209722
2023-03-27 00:00:00,100124.95409936001,124.95409936000942,0.00152153648668301
2023-03-27 04:00:00,100116.96709936,116.96709936000116,0.0016011854369354635
2023-03-27 08:00:00,100125.35509936001,125.35509936000744,0.0015175375848361285
2023-03-27 12:00:00,100064.21833626,64.21833626000443,0.002127213183026079
2023-03-27 16:00:00,100064.21833626,64.21833626000443,0.002127213183026079
2023-03-27 20:00:00,100064.21833626,64.21833626000443,0.002127213183026079
2023-03-28 00:00:00,100064.21833626,64.21833626000443,0.002127213183026079
2023-03-28 04:00:00,100064.21833626,64.21833626000443,0.002127213183026079
2023-03-28 08:00:00,100064.21833626,64.21833626000443,0.002127213183026079
2023-03-28 12:00:00,100064.21833626,64.21833626000443,0.002127213183026079
2023-03-28 16:00:00,100061.47573726,61.47573725999973,0.0021545632683288934
2023-03-28 20:00:00,100042.25763025999,42.257630259991856,0.00234621245430465
2023-03-29 00:00:00,100039.52088525999,39.52088525998988,0.002373504161623867
2023-03-29 04:00:00,100111.45788526,111.45788525999524,0.0016561251038668561
2023-03-29 08:00:00,100146.14447046,146.14447045999987,0.001310219244467858
2023-03-29 12:00:00,100146.14447046,146.14447045999987,0.001310219244467858
2023-03-29 16:00:00,100146.14447046,146.14447045999987,0.001310219244467858
2023-03-29 20:00:00,100146.14447046,146.14447045999987,0.001310219244467858
2023-03-30 00:00:00,100146.14447046,146.14447045999987,0.001310219244467858
2023-03-30 04:00:00,100146.14447046,146.14447045999987,0.001310219244467858
2023-03-30 08:00:00,100146.14447046,146.14447045999987,0.001310219244467858
2023-03-30 12:00:00,100146.14447046,146.14447045999987,0.001310219244467858
2023-03-30 16:00:00,100146.14447046,146.14447045999987,0.001310219244467858
2023-03-30 20:00:00,100146.14447046,146.14447045999987,0.001310219244467858
2023-03-31 00:00:00,100143.32762946001,143.3276294600073,0.0013383096950346847
2023-03-31 04:00:00,100084.23030528001,84.23030528001254,0.001927647347928218
2023-03-31 08:00:00,100084.23030528001,84.23030528001254,0.001927647347928218
2023-03-31 12:00:00,100081.38080628001,81.38080628000898,0.0019560634746460673
2023-03-31 16:00:00,100078.81280628001,78.81280628000968,0.0019816724021843213
2023-03-31 20:00:00,100078.41780628002,78.41780628002016,0.0019856114700882717
2023-04-01 00:00:00,100085.99180628001,85.9918062800134,0.001910081089568562
2023-04-01 04:00:00,100074.38080628001,74.38080628000898,0.0020258697413002053
2023-04-01 08:00:00,100069.16680628002,69.16680628001632,0.0020778654376336567
2023-04-01 12:00:00,100071.88880628001,71.88880628001061,0.0020507207722290617
2023-04-01 16:00:00,100070.07980628002,70.07980628001678,0.002068760705997191
2023-04-01 20:00:00,100077.15480628001,77.15480628001387,0.0019982065150575025
2023-04-02 00:00:00,100079.54080628001,79.54080628001248,0.0019744125504522632
2023-04-02 04:00:00,100073.51980628002,73.51980628001911,0.002034455912098563
2023-04-02 08:00:00,100067.67480628002,67.67480628001795,0.00209274414475478
2023-04-02 12:00:00,100041.55032528001,41.55032528001175,0.002353265928595835
2023-04-02 16:00:00,100041.55032528001,41.55032528001175,0.002353265928595835
2023-04-02 20:00:00,100041.55032528001,41.55032528001175,0.002353265928595835
2023-04-03 00:00:00,100041.55032528001,41.55032528001175,0.002353265928595835
2023-04-03 04:00:00,100041.55032528001,41.55032528001175,0.002353265928595835
2023-04-03 08:00:00,100038.72495228001,38.724952280012076,0.00238144146302946
2023-04-03 12:00:00,100015.69480428,15.694804280006792,0.0026111055562255494
2023-04-03 16:00:00,100015.69480428,15.694804280006792,0.0026111055562255494
2023-04-03 20:00:00,100015.69480428,15.694804280006792,0.0026111055562255494
2023-04-04 00:00:00,100015.69480428,15.694804280006792,0.0026111055562255494
2023-04-04 04:00:00,100015.69480428,15.694804280006792,0.0026111055562255494
2023-04-04 08:00:00,100015.69480428,15.694804280006792,0.0026111055562255494
2023-04-04 12:00:00,100015.69480428,15.694804280006792,0.0026111055562255494
2023-04-04 16:00:00,100015.69480428,15.694804280006792,0.0026111055562255494
2023-04-04 20:00:00,100015.69480428,15.694804280006792,0.0026111055562255494
2023-04-05 00:00:00,100015.69480428,15.694804280006792,0.0026111055562255494
2023-04-05 04:00:00,100015.69480428,15.694804280006792,0.0026111055562255494
2023-04-05 08:00:00,100015.69480428,15.694804280006792,0.0026111055562255494
2023-04-05 12:00:00,100015.69480428,15.694804280006792,0.0026111055562255494
2023-04-05 16:00:00,100015.69480428,15.694804280006792,0.0026111055562255494
2023-04-05 20:00:00,100015.69480428,15.694804280006792,0.0026111055562255494
2023-04-06 00:00:00,100015.69480428,15.694804280006792,0.0026111055562255494
2023-04-06 04:00:00,100015.69480428,15.694804280006792,0.0026111055562255494
2023-04-06 08:00:00,100015.69480428,15.694804280006792,0.0026111055562255494
2023-04-06 12:00:00,100015.69480428,15.694804280006792,0.0026111055562255494
2023-04-06 16:00:00,100015.69480428,15.694804280006792,0.0026111055562255494
2023-04-06 20:00:00,100015.69480428,15.694804280006792,0.0026111055562255494
2023-04-07 00:00:00,100015.69480428,15.694804280006792,0.0026111055562255494
2023-04-07 04:00:00,100015.69480428,15.694804280006792,0.0026111055562255494
2023-04-07 08:00:00,100015.69480428,15.694804280006792,0.0026111055562255494
2023-04-07 12:00:00,100015.69480428,15.694804280006792,0.0026111055562255494
2023-04-07 16:00:00,100015.69480428,15.694804280006792,0.0026111055562255494
2023-04-07 20:00:00,100015.69480428,15.694804280006792,0.0026111055562255494
2023-04-08 00:00:00,100012.89246528002,12.892465280019678,0.0026390513881524623
2023-04-08 04:00:00,100019.17546528002,19.175465280015487,0.0025763952776685114
2023-04-08 08:00:00,100012.16246528001,12.1624652800092,0.0026463311845322125
2023-04-08 12:00:00,100012.02346528001,12.023465280013625,0.0026477173375414435
2023-04-08 16:00:00,100000.17405228001,0.17405228001007345,0.002765883520909051
2023-04-08 20:00:00,100000.17405228001,0.17405228001007345,0.002765883520909051
2023-04-09 00:00:00,100000.17405228001,0.17405228001007345,0.002765883520909051
2023-04-09 04:00:00,100000.17405228001,0.17405228001007345,0.002765883520909051
2023-04-09 08:00:00,100000.17405228001,0.17405228001007345,0.002765883520909051
2023-04-09 12:00:00,100000.17405228001,0.17405228001007345,0.002765883520909051
2023-04-09 16:00:00,100000.17405228001,0.17405228001007345,0.002765883520909051
2023-04-09 20:00:00,100000.17405228001,0.17405228001007345,0.002765883520909051
2023-04-10 00:00:00,100000.17405228001,0.17405228001007345,0.002765883520909051
2023-04-10 04:00:00,100000.17405228001,0.17405228001007345,0.002765883520909051
2023-04-10 08:00:00,100000.17405228001,0.17405228001007345,0.002765883520909051
2023-04-10 12:00:00,100000.17405228001,0.17405228001007345,0.002765883520909051
2023-04-10 16:00:00,100000.17405228001,0.17405228001007345,0.002765883520909051
2023-04-10 20:00:00,100000.17405228001,0.17405228001007345,0.002765883520909051
2023-04-11 00:00:00,100000.17405228001,0.17405228001007345,0.002765883520909051
2023-04-11 04:00:00,100000.17405228001,0.17405228001007345,0.002765883520909051
2023-04-11 08:00:00,100000.17405228001,0.17405228001007345,0.002765883520909051
2023-04-11 12:00:00,100000.17405228001,0.17405228001007345,0.002765883520909051
2023-04-11 16:00:00,100000.17405228001,0.17405228001007345,0.002765883520909051
2023-04-11 20:00:00,100000.17405228001,0.17405228001007345,0.002765883520909051
2023-04-12 00:00:00,100000.17405228001,0.17405228001007345,0.002765883520909051
2023-04-12 04:00:00,100000.17405228001,0.17405228001007345,0.002765883520909051
2023-04-12 08:00:00,100000.17405228001,0.17405228001007345,0.002765883520909051
2023-04-12 12:00:00,100000.17405228001,0.17405228001007345,0.002765883520909051
2023-04-12 16:00:00,100000.17405228001,0.17405228001007345,0.002765883520909051
2023-04-12 20:00:00,100000.17405228001,0.17405228001007345,0.002765883520909051
2023-04-13 00:00:00,100000.17405228001,0.17405228001007345,0.002765883520909051
2023-04-13 04:00:00,100000.17405228001,0.17405228001007345,0.002765883520909051
2023-04-13 08:00:00,100000.17405228001,0.17405228001007345,0.002765883520909051
2023-04-13 12:00:00,100000.17405228001,0.17405228001007345,0.002765883520909051
2023-04-13 16:00:00,100000.17405228001,0.17405228001007345,0.002765883520909051
2023-04-13 20:00:00,100000.17405228001,0.17405228001007345,0.002765883520909051
2023-04-14 00:00:00,100000.17405228001,0.17405228001007345,0.002765883520909051
2023-04-14 04:00:00,100000.17405228001,0.17405228001007345,0.002765883520909051
2023-04-14 08:00:00,100000.17405228001,0.17405228001007345,0.002765883520909051
2023-04-14 12:00:00,100000.17405228001,0.17405228001007345,0.002765883520909051
2023-04-14 16:00:00,99997.14164328,-2.8583567199966637,0.002796123685374605
2023-04-14 20:00:00,100011.42564328,11.425643280002987,0.0026536790121049368
2023-04-15 00:00:00,100002.34664328,2.3466432800050825,0.0027442177399553324
2023-04-15 04:00:00,100008.06264328,8.062643280005432,0.0026872159370703217
2023-04-15 08:00:00,100003.26264328,3.2626432800025214,0.0027350830913474736
2023-04-15 12:00:00,99994.22711628,-5.7728837199974805,0.0028251882923649965
2023-04-15 16:00:00,99994.22711628,-5.7728837199974805,0.0028251882923649965
2023-04-15 20:00:00,99994.22711628,-5.7728837199974805,0.0028251882923649965
2023-04-16 00:00:00,99994.22711628,-5.7728837199974805,0.0028251882923649965
2023-04-16 04:00:00,99994.22711628,-5.7728837199974805,0.0028251882923649965
2023-04-16 08:00:00,99994.22711628,-5.7728837199974805,0.0028251882923649965
2023-04-16 12:00:00,99994.22711628,-5.7728837199974805,0.0028251882923649965
2023-04-16 16:00:00,99994.22711628,-5.7728837199974805,0.0028251882923649965
2023-04-16 20:00:00,99994.22711628,-5.7728837199974805,0.0028251882923649965
2023-04-17 00:00:00,99994.22711628,-5.7728837199974805,0.0028251882923649965
2023-04-17 04:00:00,99994.22711628,-5.7728837199974805,0.0028251882923649965
2023-04-17 08:00:00,99994.22711628,-5.7728837199974805,0.0028251882923649965
2023-04-17 12:00:00,99994.22711628,-5.7728837199974805,0.0028251882923649965
2023-04-17 16:00:00,99994.22711628,-5.7728837199974805,0.0028251882923649965
2023-04-17 20:00:00,99994.22711628,-5.7728837199974805,0.0028251882923649965
2023-04-18 00:00:00,99994.22711628,-5.7728837199974805,0.0028251882923649965
2023-04-18 04:00:00,99994.22711628,-5.7728837199974805,0.0028251882923649965
2023-04-18 08:00:00,99991.18905727999,-8.810942720010644,0.002855484800460128
2023-04-18 12:00:00,99971.61605728,-28.38394272000005,0.003050673094348799
2023-04-18 16:00:00,99975.28205728,-24.71794272000261,0.003014114555269672
2023-04-18 20:00:00,99991.13105728,-8.868942720000632,0.0028560631952408767
2023-04-19 00:00:00,99974.25305728,-25.746942719997605,0.0030243760764677805
2023-04-19 04:00:00,99960.90605728,-39.09394272000645,0.0031574766823296934
2023-04-19 08:00:00,99927.45057946,-72.54942054000276,0.003491105540293158
2023-04-19 12:00:00,99927.45057946,-72.54942054000276,0.003491105540293158
2023-04-19 16:00:00,99927.45057946,-72.54942054000276,0.003491105540293158
2023-04-19 20:00:00,99927.45057946,-72.54942054000276,0.003491105540293158
2023-04-20 00:00:00,99927.45057946,-72.54942054000276,0.003491105540293158
2023-04-20 04:00:00,99927.45057946,-72.54942054000276,0.003491105540293158
2023-04-20 08:00:00,99927.45057946,-72.54942054000276,0.003491105540293158
2023-04-20 12:00:00,99927.45057946,-72.54942054000276,0.003491105540293158
2023-04-20 16:00:00,99927.45057946,-72.54942054000276,0.003491105540293158
2023-04-20 20:00:00,99927.45057946,-72.54942054000276,0.003491105540293158
2023-04-21 00:00:00,99927.45057946,-72.54942054000276,0.003491105540293158
2023-04-21 04:00:00,99927.45057946,-72.54942054000276,0.003491105540293158
2023-04-21 08:00:00,99927.45057946,-72.54942054000276,0.003491105540293158
2023-04-21 12:00:00,99927.45057946,-72.54942054000276,0.003491105540293158
2023-04-21 16:00:00,99927.45057946,-72.54942054000276,0.003491105540293158
2023-04-21 20:00:00,99927.45057946,-72.54942054000276,0.003491105540293158
2023-04-22 00:00:00,99927.45057946,-72.54942054000276,0.003491105540293158
2023-04-22 04:00:00,99927.45057946,-72.54942054000276,0.003491105540293158
2023-04-22 08:00:00,99927.45057946,-72.54942054000276,0.003491105540293158
2023-04-22 12:00:00,99927.45057946,-72.54942054000276,0.003491105540293158
2023-04-22 16:00:00,99927.45057946,-72.54942054000276,0.003491105540293158
2023-04-22 20:00:00,99927.45057946,-72.54942054000276,0.003491105540293158
2023-04-23 00:00:00,99927.45057946,-72.54942054000276,0.003491105540293158
2023-04-23 04:00:00,99927.45057946,-72.54942054000276,0.003491105540293158
2023-04-23 08:00:00,99927.45057946,-72.54942054000276,0.003491105540293158
2023-04-23 12:00:00,99927.45057946,-72.54942054000276,0.003491105540293158
2023-04-23 16:00:00,99927.45057946,-72.54942054000276,0.003491105540293158
2023-04-23 20:00:00,99927.45057946,-72.54942054000276,0.003491105540293158
2023-04-24 00:00:00,99924.67153145999,-75.328468540014,0.0035188191068265054
2023-04-24 04:00:00,99888.07533446,-111.92466554000566,0.003883768233442044
2023-04-24 08:00:00,99888.07533446,-111.92466554000566,0.003883768233442044
2023-04-24 12:00:00,99888.07533446,-111.92466554000566,0.003883768233442044
2023-04-24 16:00:00,99888.07533446,-111.92466554000566,0.003883768233442044
2023-04-24 20:00:00,99888.07533446,-111.92466554000566,0.003883768233442044
2023-04-25 00:00:00,99888.07533446,-111.92466554000566,0.003883768233442044
2023-04-25 04:00:00,99888.07533446,-111.92466554000566,0.003883768233442044
2023-04-25 08:00:00,99888.07533446,-111.92466554000566,0.003883768233442044
2023-04-25 12:00:00,99888.07533446,-111.92466554000566,0.003883768233442044
2023-04-25 16:00:00,99888.07533446,-111.92466554000566,0.003883768233442044
2023-04-25 20:00:00,99888.07533446,-111.92466554000566,0.003883768233442044
2023-04-26 00:00:00,99888.07533446,-111.92466554000566,0.003883768233442044
2023-04-26 04:00:00,99888.07533446,-111.92466554000566,0.003883768233442044
2023-04-26 08:00:00,99888.07533446,-111.92466554000566,0.003883768233442044
2023-04-26 12:00:00,99888.07533446,-111.92466554000566,0.003883768233442044
2023-04-26 16:00:00,99888.07533446,-111.92466554000566,0.003883768233442044
2023-04-26 20:00:00,99885.23380545998,-114.76619454001775,0.003912104880739231
2023-04-27 00:00:00,99932.28380545999,-67.71619454001484,0.0034429070455853196
2023-04-27 04:00:00,99933.08780545999,-66.91219454001111,0.0034348892972438645
2023-04-27 08:00:00,99937.12580545999,-62.87419454001065,0.00339462105370823
2023-04-27 12:00:00,99995.9397753,-4.060224700006074,0.002808109102045406
2023-04-27 16:00:00,99995.9397753,-4.060224700006074,0.002808109102045406
2023-04-27 20:00:00,99995.9397753,-4.060224700006074,0.002808109102045406
2023-04-28 00:00:00,99995.9397753,-4.060224700006074,0.002808109102045406
2023-04-28 04:00:00,99995.9397753,-4.060224700006074,0.002808109102045406
2023-04-28 08:00:00,99995.9397753,-4.060224700006074,0.002808109102045406
2023-04-28 12:00:00,99995.9397753,-4.060224700006074,0.002808109102045406
2023-04-28 16:00:00,99995.9397753,-4.060224700006074,0.002808109102045406
2023-04-28 20:00:00,99995.9397753,-4.060224700006074,0.002808109102045406
2023-04-29 00:00:00,99995.9397753,-4.060224700006074,0.002808109102045406
2023-04-29 04:00:00,99995.9397753,-4.060224700006074,0.002808109102045406
2023-04-29 08:00:00,99995.9397753,-4.060224700006074,0.002808109102045406
2023-04-29 12:00:00,99995.9397753,-4.060224700006074,0.002808109102045406
2023-04-29 16:00:00,99995.9397753,-4.060224700006074,0.002808109102045406
2023-04-29 20:00:00,99995.9397753,-4.060224700006074,0.002808109102045406
2023-04-30 00:00:00,99995.9397753,-4.060224700006074,0.002808109102045406
2023-04-30 04:00:00,99995.9397753,-4.060224700006074,0.002808109102045406
2023-04-30 08:00:00,99995.9397753,-4.060224700006074,0.002808109102045406
2023-04-30 12:00:00,99995.9397753,-4.060224700006074,0.002808109102045406
2023-04-30 16:00:00,99995.9397753,-4.060224700006074,0.002808109102045406
2023-04-30 20:00:00,99995.9397753,-4.060224700006074,0.002808109102045406
2023-05-01 00:00:00,99995.9397753,-4.060224700006074,0.002808109102045406
2023-05-01 04:00:00,99995.9397753,-4.060224700006074,0.002808109102045406
2023-05-01 08:00:00,99995.9397753,-4.060224700006074,0.002808109102045406
2023-05-01 12:00:00,99995.9397753,-4.060224700006074,0.002808109102045406
2023-05-01 16:00:00,99995.9397753,-4.060224700006074,0.002808109102045406
2023-05-01 20:00:00,99995.9397753,-4.060224700006074,0.002808109102045406
2023-05-02 00:00:00,99995.9397753,-4.060224700006074,0.002808109102045406
2023-05-02 04:00:00,99995.9397753,-4.060224700006074,0.002808109102045406
2023-05-02 08:00:00,99995.9397753,-4.060224700006074,0.002808109102045406
2023-05-02 12:00:00,99993.0857073,-6.9142927000066265,0.002836570792310703
2023-05-02 16:00:00,100007.6317073,7.631707299995469,0.002691513370203384
2023-05-02 20:00:00,100006.0037073,6.003707299998496,0.0027077483133623446
2023-05-03 00:00:00,99988.25561729999,-11.744382700009737,0.0028847380138112316
2023-05-03 04:00:00,99985.39023729999,-14.609762700012652,0.0029133125110034656
2023-05-03 08:00:00,99974.38423729998,-25.61576270002115,0.00302306790683147
2023-05-03 12:00:00,99948.33008629999,-51.66991370001051,0.0032828883371389594
2023-05-03 16:00:00,99948.33008629999,-51.66991370001051,0.0032828883371389594
2023-05-03 20:00:00,99948.33008629999,-51.66991370001051,0.0032828883371389594
2023-05-04 00:00:00,99948.33008629999,-51.66991370001051,0.0032828883371389594
2023-05-04 04:00:00,99948.33008629999,-51.66991370001051,0.0032828883371389594
2023-05-04 08:00:00,99948.33008629999,-51.66991370001051,0.0032828883371389594
2023-05-04 12:00:00,99948.33008629999,-51.66991370001051,0.0032828883371389594
2023-05-04 16:00:00,99948.33008629999,-51.66991370001051,0.0032828883371389594
2023-05-04 20:00:00,99948.33008629999,-51.66991370001051,0.0032828883371389594
2023-05-05 00:00:00,99948.33008629999,-51.66991370001051,0.0032828883371389594
2023-05-05 04:00:00,99948.33008629999,-51.66991370001051,0.0032828883371389594
2023-05-05 08:00:00,99948.33008629999,-51.66991370001051,0.0032828883371389594
2023-05-05 12:00:00,99948.33008629999,-51.66991370001051,0.0032828883371389594
2023-05-05 16:00:00,99948.33008629999,-51.66991370001051,0.0032828883371389594
2023-05-05 20:00:00,99948.33008629999,-51.66991370001051,0.0032828883371389594
2023-05-06 00:00:00,99948.33008629999,-51.66991370001051,0.0032828883371389594
2023-05-06 04:00:00,99948.33008629999,-51.66991370001051,0.0032828883371389594
2023-05-06 08:00:00,99948.33008629999,-51.66991370001051,0.0032828883371389594
2023-05-06 12:00:00,99948.33008629999,-51.66991370001051,0.0032828883371389594
2023-05-06 16:00:00,99948.33008629999,-51.66991370001051,0.0032828883371389594
2023-05-06 20:00:00,99948.33008629999,-51.66991370001051,0.0032828883371389594
2023-05-07 00:00:00,99948.33008629999,-51.66991370001051,0.0032828883371389594
2023-05-07 04:00:00,99948.33008629999,-51.66991370001051,0.0032828883371389594
2023-05-07 08:00:00,99948.33008629999,-51.66991370001051,0.0032828883371389594
2023-05-07 12:00:00,99948.33008629999,-51.66991370001051,0.0032828883371389594
2023-05-07 16:00:00,99948.33008629999,-51.66991370001051,0.0032828883371389594
2023-05-07 20:00:00,99948.33008629999,-51.66991370001051,0.0032828883371389594
2023-05-08 00:00:00,99948.33008629999,-51.66991370001051,0.0032828883371389594
2023-05-08 04:00:00,99948.33008629999,-51.66991370001051,0.0032828883371389594
2023-05-08 08:00:00,99948.33008629999,-51.66991370001051,0.0032828883371389594
2023-05-08 12:00:00,99948.33008629999,-51.66991370001051,0.0032828883371389594
2023-05-08 16:00:00,99948.33008629999,-51.66991370001051,0.0032828883371389594
2023-05-08 20:00:00,99948.33008629999,-51.66991370001051,0.0032828883371389594
2023-05-09 00:00:00,99948.33008629999,-51.66991370001051,0.0032828883371389594
2023-05-09 04:00:00,99948.33008629999,-51.66991370001051,0.0032828883371389594
2023-05-09 08:00:00,99948.33008629999,-51.66991370001051,0.0032828883371389594
2023-05-09 12:00:00,99948.33008629999,-51.66991370001051,0.0032828883371389594
2023-05-09 16:00:00,99948.33008629999,-51.66991370001051,0.0032828883371389594
2023-05-09 20:00:00,99948.33008629999,-51.66991370001051,0.0032828883371389594
2023-05-10 00:00:00,99948.33008629999,-51.66991370001051,0.0032828883371389594
2023-05-10 04:00:00,99948.33008629999,-51.66991370001051,0.0032828883371389594
2023-05-10 08:00:00,99948.33008629999,-51.66991370001051,0.0032828883371389594
2023-05-10 12:00:00,99945.5147663,-54.485233700004756,0.0033109636198012916
2023-05-10 16:00:00,99886.44935269999,-113.55064730001322,0.0038999830500583087
2023-05-10 20:00:00,99886.44935269999,-113.55064730001322,0.0038999830500583087
2023-05-11 00:00:00,99886.44935269999,-113.55064730001322,0.0038999830500583087
2023-05-11 04:00:00,99886.44935269999,-113.55064730001322,0.0038999830500583087
2023-05-11 08:00:00,99886.44935269999,-113.55064730001322,0.0038999830500583087
2023-05-11 12:00:00,99886.44935269999,-113.55064730001322,0.0038999830500583087
2023-05-11 16:00:00,99886.44935269999,-113.55064730001322,0.0038999830500583087
2023-05-11 20:00:00,99886.44935269999,-113.55064730001322,0.0038999830500583087
2023-05-12 00:00:00,99886.44935269999,-113.55064730001322,0.0038999830500583087
2023-05-12 04:00:00,99886.44935269999,-113.55064730001322,0.0038999830500583087
2023-05-12 08:00:00,99886.44935269999,-113.55064730001322,0.0038999830500583087
2023-05-12 12:00:00,99886.44935269999,-113.55064730001322,0.0038999830500583087
2023-05-12 16:00:00,99886.44935269999,-113.55064730001322,0.0038999830500583087
2023-05-12 20:00:00,99886.44935269999,-113.55064730001322,0.0038999830500583087
2023-05-13 00:00:00,99886.44935269999,-113.55064730001322,0.0038999830500583087
2023-05-13 04:00:00,99886.44935269999,-113.55064730001322,0.0038999830500583087
2023-05-13 08:00:00,99886.44935269999,-113.55064730001322,0.0038999830500583087
2023-05-13 12:00:00,99886.44935269999,-113.55064730001322,0.0038999830500583087
2023-05-13 16:00:00,99886.44935269999,-113.55064730001322,0.0038999830500583087
2023-05-13 20:00:00,99886.44935269999,-113.55064730001322,0.0038999830500583087
2023-05-14 00:00:00,99883.76284969998,-116.23715030001767,0.003926773727884802
2023-05-14 04:00:00,99882.78084969998,-117.21915030002128,0.003936566549864033
2023-05-14 08:00:00,99875.17725169999,-124.82274830000824,0.00401239209122374
2023-05-14 12:00:00,99872.4690497,-127.53095030000259,0.004039399158504437
2023-05-14 16:00:00,99852.16404969999,-147.83595030001015,0.00424188719342055
2023-05-14 20:00:00,99856.0290497,-143.97095030000492,0.004203344161903606
2023-05-15 00:00:00,99887.54704969999,-112.45295030000852,0.003889036460131484
2023-05-15 04:00:00,99905.0150497,-94.98495030000049,0.003714839907857907
2023-05-15 08:00:00,99897.87904969999,-102.12095030001365,0.0037860024105500277
2023-05-15 12:00:00,99903.94704969999,-96.05295030001434,0.003725490349684705
2023-05-15 16:00:00,99906.09104969999,-93.90895030001411,0.003704109687440921
2023-05-15 20:00:00,99880.4810497,-119.51895030000014,0.003959500900156848
2023-05-16 00:00:00,99874.55404969999,-125.44595030001074,0.004018606863365393
2023-05-16 04:00:00,99871.82879169998,-128.1712083000166,0.004045784018601069
2023-05-16 08:00:00,99849.76788869998,-150.23211130002164,0.004265782486808129
2023-05-16 12:00:00,99849.76788869998,-150.23211130002164,0.004265782486808129
2023-05-16 16:00:00,99849.76788869998,-150.23211130002164,0.004265782486808129
2023-05-16 20:00:00,99849.76788869998,-150.23211130002164,0.004265782486808129
2023-05-17 00:00:00,99849.76788869998,-150.23211130002164,0.004265782486808129
2023-05-17 04:00:00,99849.76788869998,-150.23211130002164,0.004265782486808129
2023-05-17 08:00:00,99849.76788869998,-150.23211130002164,0.004265782486808129
2023-05-17 12:00:00,99849.76788869998,-150.23211130002164,0.004265782486808129
2023-05-17 16:00:00,99849.76788869998,-150.23211130002164,0.004265782486808129
2023-05-17 20:00:00,99849.76788869998,-150.23211130002164,0.004265782486808129
2023-05-18 00:00:00,99849.76788869998,-150.23211130002164,0.004265782486808129
2023-05-18 04:00:00,99849.76788869998,-150.23211130002164,0.004265782486808129
2023-05-18 08:00:00,99849.76788869998,-150.23211130002164,0.004265782486808129
2023-05-18 12:00:00,99849.76788869998,-150.23211130002164,0.004265782486808129
2023-05-18 16:00:00,99849.76788869998,-150.23211130002164,0.004265782486808129
2023-05-18 20:00:00,99849.76788869998,-150.23211130002164,0.004265782486808129
2023-05-19 00:00:00,99849.76788869998,-150.23211130002164,0.004265782486808129
2023-05-19 04:00:00,99849.76788869998,-150.23211130002164,0.004265782486808129
2023-05-19 08:00:00,99849.76788869998,-150.23211130002164,0.004265782486808129
2023-05-19 12:00:00,99849.76788869998,-150.23211130002164,0.004265782486808129
2023-05-19 16:00:00,99849.76788869998,-150.23211130002164,0.004265782486808129
2023-05-19 20:00:00,99849.76788869998,-150.23211130002164,0.004265782486808129
2023-05-20 00:00:00,99849.76788869998,-150.23211130002164,0.004265782486808129
2023-05-20 04:00:00,99849.76788869998,-150.23211130002164,0.004265782486808129
2023-05-20 08:00:00,99849.76788869998,-150.23211130002164,0.004265782486808129
2023-05-20 12:00:00,99849.76788869998,-150.23211130002164,0.004265782486808129
2023-05-20 16:00:00,99849.76788869998,-150.23211130002164,0.004265782486808129
2023-05-20 20:00:00,99849.76788869998,-150.23211130002164,0.004265782486808129
2023-05-21 00:00:00,99849.76788869998,-150.23211130002164,0.004265782486808129
2023-05-21 04:00:00,99849.76788869998,-150.23211130002164,0.004265782486808129
2023-05-21 08:00:00,99849.76788869998,-150.23211130002164,0.004265782486808129
2023-05-21 12:00:00,99849.76788869998,-150.23211130002164,0.004265782486808129
2023-05-21 16:00:00,99849.76788869998,-150.23211130002164,0.004265782486808129
2023-05-21 20:00:00,99849.76788869998,-150.23211130002164,0.004265782486808129
2023-05-22 00:00:00,99849.76788869998,-150.23211130002164,0.004265782486808129
2023-05-22 04:00:00,99849.76788869998,-150.23211130002164,0.004265782486808129
2023-05-22 08:00:00,99849.76788869998,-150.23211130002164,0.004265782486808129
2023-05-22 12:00:00,99849.76788869998,-150.23211130002164,0.004265782486808129
2023-05-22 16:00:00,99849.76788869998,-150.23211130002164,0.004265782486808129
2023-05-22 20:00:00,99849.76788869998,-150.23211130002164,0.004265782486808129
2023-05-23 00:00:00,99847.03122169997,-152.96877830002632,0.004293073416286115
2023-05-23 04:00:00,99840.80422169997,-159.19577830002527,0.004355171076636864
2023-05-23 08:00:00,99844.10022169998,-155.89977830002317,0.004322302297366552
2023-05-23 12:00:00,99842.36922169998,-157.63077830002294,0.004339564389877737
2023-05-23 16:00:00,99828.48622169998,-171.51377830002457,0.0044780101613005234
2023-05-23 20:00:00,99832.32522169997,-167.6747783000319,0.004439726410202707
2023-05-24 00:00:00,99789.61594803997,-210.3840519600344,0.004865637116733374
2023-05-24 04:00:00,99789.61594803997,-210.3840519600344,0.004865637116733374
2023-05-24 08:00:00,99789.61594803997,-210.3840519600344,0.004865637116733374
2023-05-24 12:00:00,99789.61594803997,-210.3840519600344,0.004865637116733374
2023-05-24 16:00:00,99789.61594803997,-210.3840519600344,0.004865637116733374
2023-05-24 20:00:00,99789.61594803997,-210.3840519600344,0.004865637116733374
2023-05-25 00:00:00,99789.61594803997,-210.3840519600344,0.004865637116733374
2023-05-25 04:00:00,99789.61594803997,-210.3840519600344,0.004865637116733374
2023-05-25 08:00:00,99789.61594803997,-210.3840519600344,0.004865637116733374
2023-05-25 12:00:00,99789.61594803997,-210.3840519600344,0.004865637116733374
2023-05-25 16:00:00,99789.61594803997,-210.3840519600344,0.004865637116733374
2023-05-25 20:00:00,99789.61594803997,-210.3840519600344,0.004865637116733374
2023-05-26 00:00:00,99789.61594803997,-210.3840519600344,0.004865637116733374
2023-05-26 04:00:00,99786.96581503996,-213.03418496003724,0.004892065101142963
2023-05-26 08:00:00,99780.51548603996,-219.48451396003657,0.004956389870597373
2023-05-26 12:00:00,99777.84046503996,-222.1595349600393,0.004983066046201889
2023-05-26 16:00:00,99779.54046503997,-220.45953496002767,0.004966113095728625
2023-05-26 20:00:00,99773.41146503997,-226.58853496002848,0.005027233468346235
2023-05-27 00:00:00,99778.01946503996,-221.98053496003558,0.004981281000240268
2023-05-27 04:00:00,99775.09946503997,-224.90053496003384,0.005010400185758834
2023-05-27 08:00:00,99772.72146503997,-227.2785349600308,0.005034114371773595
2023-05-27 12:00:00,99771.82446503997,-228.17553496002802,0.0050430595462291035
2023-05-27 16:00:00,99775.77946503997,-224.22053496002627,0.005003619005569499
2023-05-27 20:00:00,99788.24646503996,-211.75353496003663,0.0048792940446585826
2023-05-28 00:00:00,99821.54246503997,-178.45753496003454,0.004547255551156253
2023-05-28 04:00:00,99825.45646503997,-174.54353496003023,0.004508223875772739
2023-05-28 08:00:00,99818.19546503997,-181.80453496002883,0.004580632918940681
2023-05-28 12:00:00,99830.03646503997,-169.96353496002848,0.0044625506327333
2023-05-28 16:00:00,99855.41846503997,-144.5815349600307,0.004209433109845419
2023-05-28 20:00:00,99882.05928319997,-117.94071680003253,0.003943762244650958
2023-05-29 00:00:00,99882.05928319997,-117.94071680003253,0.003943762244650958
2023-05-29 04:00:00,99882.05928319997,-117.94071680003253,0.003943762244650958
2023-05-29 08:00:00,99882.05928319997,-117.94071680003253,0.003943762244650958
2023-05-29 12:00:00,99882.05928319997,-117.94071680003253,0.003943762244650958
2023-05-29 16:00:00,99882.05928319997,-117.94071680003253,0.003943762244650958
2023-05-29 20:00:00,99882.05928319997,-117.94071680003253,0.003943762244650958
2023-05-30 00:00:00,99882.05928319997,-117.94071680003253,0.003943762244650958
2023-05-30 04:00:00,99882.05928319997,-117.94071680003253,0.003943762244650958
2023-05-30 08:00:00,99882.05928319997,-117.94071680003253,0.003943762244650958
2023-05-30 12:00:00,99882.05928319997,-117.94071680003253,0.003943762244650958
2023-05-30 16:00:00,99882.05928319997,-117.94071680003253,0.003943762244650958
2023-05-30 20:00:00,99882.05928319997,-117.94071680003253,0.003943762244650958
2023-05-31 00:00:00,99882.05928319997,-117.94071680003253,0.003943762244650958
2023-05-31 04:00:00,99882.05928319997,-117.94071680003253,0.003943762244650958
2023-05-31 08:00:00,99882.05928319997,-117.94071680003253,0.003943762244650958
2023-05-31 12:00:00,99882.05928319997,-117.94071680003253,0.003943762244650958
2023-05-31 16:00:00,99882.05928319997,-117.94071680003253,0.003943762244650958
2023-05-31 20:00:00,99882.05928319997,-117.94071680003253,0.003943762244650958
2023-06-01 00:00:00,99882.05928319997,-117.94071680003253,0.003943762244650958
2023-06-01 04:00:00,99882.05928319997,-117.94071680003253,0.003943762244650958
2023-06-01 08:00:00,99882.05928319997,-117.94071680003253,0.003943762244650958
2023-06-01 12:00:00,99882.05928319997,-117.94071680003253,0.003943762244650958
2023-06-01 16:00:00,99882.05928319997,-117.94071680003253,0.003943762244650958
2023-06-01 20:00:00,99882.05928319997,-117.94071680003253,0.003943762244650958
2023-06-02 00:00:00,99882.05928319997,-117.94071680003253,0.003943762244650958
2023-06-02 04:00:00,99882.05928319997,-117.94071680003253,0.003943762244650958
2023-06-02 08:00:00,99882.05928319997,-117.94071680003253,0.003943762244650958
2023-06-02 12:00:00,99882.05928319997,-117.94071680003253,0.003943762244650958
2023-06-02 16:00:00,99882.05928319997,-117.94071680003253,0.003943762244650958
2023-06-02 20:00:00,99882.05928319997,-117.94071680003253,0.003943762244650958
2023-06-03 00:00:00,99882.05928319997,-117.94071680003253,0.003943762244650958
2023-06-03 04:00:00,99882.05928319997,-117.94071680003253,0.003943762244650958
2023-06-03 08:00:00,99882.05928319997,-117.94071680003253,0.003943762244650958
2023-06-03 12:00:00,99882.05928319997,-117.94071680003253,0.003943762244650958
2023-06-03 16:00:00,99882.05928319997,-117.94071680003253,0.003943762244650958
2023-06-03 20:00:00,99882.05928319997,-117.94071680003253,0.003943762244650958
2023-06-04 00:00:00,99882.05928319997,-117.94071680003253,0.003943762244650958
2023-06-04 04:00:00,99882.05928319997,-117.94071680003253,0.003943762244650958
2023-06-04 08:00:00,99882.05928319997,-117.94071680003253,0.003943762244650958
2023-06-04 12:00:00,99882.05928319997,-117.94071680003253,0.003943762244650958
2023-06-04 16:00:00,99882.05928319997,-117.94071680003253,0.003943762244650958
2023-06-04 20:00:00,99882.05928319997,-117.94071680003253,0.003943762244650958
2023-06-05 00:00:00,99882.05928319997,-117.94071680003253,0.003943762244650958
2023-06-05 04:00:00,99882.05928319997,-117.94071680003253,0.003943762244650958
2023-06-05 08:00:00,99882.05928319997,-117.94071680003253,0.003943762244650958
2023-06-05 12:00:00,99882.05928319997,-117.94071680003253,0.003943762244650958
2023-06-05 16:00:00,99882.05928319997,-117.94071680003253,0.003943762244650958
2023-06-05 20:00:00,99882.05928319997,-117.94071680003253,0.003943762244650958
2023-06-06 00:00:00,99882.05928319997,-117.94071680003253,0.003943762244650958
2023-06-06 04:00:00,99882.05928319997,-117.94071680003253,0.003943762244650958
2023-06-06 08:00:00,99882.05928319997,-117.94071680003253,0.003943762244650958
2023-06-06 12:00:00,99882.05928319997,-117.94071680003253,0.003943762244650958
2023-06-06 16:00:00,99879.35127019997,-120.64872980002838,0.0039707674271624695
2023-06-06 20:00:00,99894.34627019997,-105.65372980003303,0.0038212324316655452
2023-06-07 00:00:00,99862.23927019996,-137.76072980003664,0.004141413832160495
2023-06-07 04:00:00,99850.92527019996,-149.07472980003513,0.004254240703721182
2023-06-07 08:00:00,99822.53715745997,-177.46284254002967,0.004537336156254865
2023-06-07 12:00:00,99822.53715745997,-177.46284254002967,0.004537336156254865
2023-06-07 16:00:00,99822.53715745997,-177.46284254002967,0.004537336156254865
2023-06-07 20:00:00,99822.53715745997,-177.46284254002967,0.004537336156254865
2023-06-08 00:00:00,99822.53715745997,-177.46284254002967,0.004537336156254865
2023-06-08 04:00:00,99822.53715745997,-177.46284254002967,0.004537336156254865
2023-06-08 08:00:00,99822.53715745997,-177.46284254002967,0.004537336156254865
2023-06-08 12:00:00,99822.53715745997,-177.46284254002967,0.004537336156254865
2023-06-08 16:00:00,99822.53715745997,-177.46284254002967,0.004537336156254865
2023-06-08 20:00:00,99822.53715745997,-177.46284254002967,0.004537336156254865
2023-06-09 00:00:00,99822.53715745997,-177.46284254002967,0.004537336156254865
2023-06-09 04:00:00,99822.53715745997,-177.46284254002967,0.004537336156254865
2023-06-09 08:00:00,99822.53715745997,-177.46284254002967,0.004537336156254865
2023-06-09 12:00:00,99822.53715745997,-177.46284254002967,0.004537336156254865
2023-06-09 16:00:00,99822.53715745997,-177.46284254002967,0.004537336156254865
2023-06-09 20:00:00,99822.53715745997,-177.46284254002967,0.004537336156254865
2023-06-10 00:00:00,99822.53715745997,-177.46284254002967,0.004537336156254865
2023-06-10 04:00:00,99822.53715745997,-177.46284254002967,0.004537336156254865
2023-06-10 08:00:00,99822.53715745997,-177.46284254002967,0.004537336156254865
2023-06-10 12:00:00,99822.53715745997,-177.46284254002967,0.004537336156254865
2023-06-10 16:00:00,99822.53715745997,-177.46284254002967,0.004537336156254865
2023-06-10 20:00:00,99822.53715745997,-177.46284254002967,0.004537336156254865
2023-06-11 00:00:00,99822.53715745997,-177.46284254002967,0.004537336156254865
2023-06-11 04:00:00,99822.53715745997,-177.46284254002967,0.004537336156254865
2023-06-11 08:00:00,99822.53715745997,-177.46284254002967,0.004537336156254865
2023-06-11 12:00:00,99822.53715745997,-177.46284254002967,0.004537336156254865
2023-06-11 16:00:00,99822.53715745997,-177.46284254002967,0.004537336156254865
2023-06-11 20:00:00,99822.53715745997,-177.46284254002967,0.004537336156254865
2023-06-12 00:00:00,99822.53715745997,-177.46284254002967,0.004537336156254865
2023-06-12 04:00:00,99822.53715745997,-177.46284254002967,0.004537336156254865
2023-06-12 08:00:00,99822.53715745997,-177.46284254002967,0.004537336156254865
2023-06-12 12:00:00,99822.53715745997,-177.46284254002967,0.004537336156254865
2023-06-12 16:00:00,99822.53715745997,-177.46284254002967,0.004537336156254865
2023-06-12 20:00:00,99822.53715745997,-177.46284254002967,0.004537336156254865
2023-06-13 00:00:00,99822.53715745997,-177.46284254002967,0.004537336156254865
2023-06-13 04:00:00,99822.53715745997,-177.46284254002967,0.004537336156254865
2023-06-13 08:00:00,99822.53715745997,-177.46284254002967,0.004537336156254865
2023-06-13 12:00:00,99822.53715745997,-177.46284254002967,0.004537336156254865
2023-06-13 16:00:00,99822.53715745997,-177.46284254002967,0.004537336156254865
2023-06-13 20:00:00,99822.53715745997,-177.46284254002967,0.004537336156254865
2023-06-14 00:00:00,99822.53715745997,-177.46284254002967,0.004537336156254865
2023-06-14 04:00:00,99822.53715745997,-177.46284254002967,0.004537336156254865
2023-06-14 08:00:00,99822.53715745997,-177.46284254002967,0.004537336156254865
2023-06-14 12:00:00,99822.53715745997,-177.46284254002967,0.004537336156254865
2023-06-14 16:00:00,99822.53715745997,-177.46284254002967,0.004537336156254865
2023-06-14 20:00:00,99822.53715745997,-177.46284254002967,0.004537336156254865
2023-06-15 00:00:00,99822.53715745997,-177.46284254002967,0.004537336156254865
2023-06-15 04:00:00,99822.53715745997,-177.46284254002967,0.004537336156254865
2023-06-15 08:00:00,99822.53715745997,-177.46284254002967,0.004537336156254865
2023-06-15 12:00:00,99822.53715745997,-177.46284254002967,0.004537336156254865
2023-06-15 16:00:00,99822.53715745997,-177.46284254002967,0.004537336156254865
2023-06-15 20:00:00,99819.97730845997,-180.02269154002715,0.004562863799381744
2023-06-16 00:00:00,99816.30230845997,-183.69769154003006,0.004599512089375196
2023-06-16 04:00:00,99813.82930845997,-186.1706915400282,0.004624173646151703
2023-06-16 08:00:00,99805.03185745997,-194.96814254003402,0.004711904676206434
2023-06-16 12:00:00,99805.03185745997,-194.96814254003402,0.004711904676206434
